Date,FSKEW,CRSP Market
2018-05-22,-0.000992849610478903,-0.0040999999999999
2018-05-23,-0.0005669645389411178,0.003
2018-05-24,-0.0015327534798498476,-0.0015
2018-05-25,-0.0007361236776596935,-0.0021
2018-05-29,-0.0015202200902380747,-0.0102
2018-05-30,-0.0016314678863419167,0.0132
2018-06-01,-0.0012682371878381853,0.0107
2018-06-04,-0.001606259596052762,0.0049
2018-06-05,-0.001738747937017134,0.0017
2018-06-06,-0.001721236517511326,0.0087
2018-06-07,-0.0012583021363238474,-0.0013
2018-06-08,-0.0008326207522369068,0.0032
2018-06-11,-0.0009940096434123155,0.0013
2018-06-12,-0.001389333241056735,0.0024
2018-06-13,-0.0013282440788390637,-0.0032
2018-06-14,-0.0003252381687154936,0.0029
2018-06-15,3.5539435845151385e-05,-0.0006
2018-06-18,0.0005059364525731697,-0.0008
2018-06-19,0.00021654260865273616,-0.0037
2018-06-20,0.0012823602924593668,0.0024
2018-06-21,0.001973692786437743,-0.0072
2018-06-22,0.001867796321910076,0.0012
2018-06-25,0.000773569325419594,-0.0147
2018-06-26,0.0011033035071425614,0.0028
2018-06-27,0.0020207463762596236,-0.0101
2018-06-28,0.0016816955523038667,0.0059
2018-06-29,0.0005802375305514139,0.0006999999999999
2018-07-02,3.549356164501923e-05,0.0037
2018-07-03,-0.04680719651816266,-0.0043
2018-07-05,-0.05333371338668697,0.0088
2018-07-06,0.001454263852216768,0.0089
2018-07-09,-0.00036819435833637817,0.0094
2018-07-10,-0.0002473240629936784,0.0022
2018-07-11,-0.0013273898175631168,-0.0069
2018-07-12,-0.0006785628506902636,0.0086
2018-07-13,-0.0010990942841075592,0.0009
2018-07-16,-0.0018347415626543634,-0.0015
2018-07-17,-0.0019292962118428007,0.0049
2018-07-18,-0.001722028365408522,0.0027
2018-07-19,-0.0018688533529764534,-0.0033
2018-07-20,-0.0015502298020199869,-0.0009
2018-07-23,-0.0007523012094978376,0.0017
2018-07-24,-0.0013238970320872824,0.0023
2018-07-25,-0.0015688674863517567,0.0084
2018-07-26,-0.0014196031393994583,-0.002
2018-07-27,-0.0014776372322737443,-0.0081
2018-07-30,-0.002152427374275229,-0.0069
2018-07-31,-0.0017860454386910982,0.0052
2018-08-01,-0.001527223866148169,-0.0012
2018-08-02,-0.0015604358814868377,0.0068
2018-08-03,-0.0019390315385143485,0.0032
2018-08-06,-0.001440302285899093,0.0047
2018-08-07,-0.0013069920537634226,0.003
2018-08-08,-0.00019973748267143907,-0.0003
2018-08-09,-0.001146539490752172,-0.0004
2018-08-10,-0.0016643471311580628,-0.0059
2018-08-13,-0.0011810078714322935,-0.0045
2018-08-14,-0.0014697052956547999,0.0069999999999999
2018-08-15,-0.0016413565860007237,-0.009
2018-08-16,-0.0013377696152347333,0.0087
2018-08-17,-0.0016493844445423444,0.0031
2018-08-20,-0.0018778523739641432,0.0026
2018-08-21,-0.0017996328005964793,0.0034
2018-08-22,-0.0010828804531730987,0.0006
2018-08-23,-0.0009593078183421158,-0.0018
2018-08-24,-0.000721460561688831,0.0063
2018-08-27,-0.0011506444049234827,0.0075
2018-08-28,-0.001928301856625443,0.0
2018-08-29,-0.0021161702655613447,0.0057
2018-08-30,-0.0023093019385438504,-0.004
2018-08-31,-0.0015253724934853553,0.0009
2018-09-04,-0.0020969669709879663,-0.001
2018-09-05,-0.00184387752277609,-0.004
2018-09-06,-0.002351695998370726,-0.0043
2018-09-07,-0.0012868725060546395,-0.0017
2018-09-10,-0.0019684859661158022,0.0024
2018-09-11,-0.0031026257281707753,0.0038
2018-09-12,-0.0026537554814228073,0.0004
2018-09-13,-0.0035891331454316463,0.0046
2018-09-14,-0.0016976819768394367,0.0013
2018-09-17,-0.0020622632817264893,-0.0070999999999999
2018-09-18,-0.0024002055657342844,0.0058
2018-09-19,-0.002192949556438187,0.0006
2018-09-20,-0.0020367784630883623,0.0078
2018-09-21,-0.002735252960562438,-0.0012
2018-09-24,-0.0022783764663925512,-0.003
2018-09-25,-0.001791635480332289,-0.0004
2018-09-26,-0.0014488351575382573,-0.0039
2018-09-27,-0.00046128457386698796,0.0028
2018-09-28,-0.0011434806587513613,-0.0001999999999999
2018-10-01,-0.001819966490484363,0.0017
2018-10-02,-0.002060099855393235,-0.002
2018-10-03,-0.002159219026268205,0.0021
2018-10-05,-0.00221588087866797,-0.0063
2018-10-08,-0.002472204529575949,-0.0017
2018-10-09,-0.0026226570562786124,-0.0017
2018-10-10,-0.0034261981022150096,-0.0332
2018-10-11,-0.0014979306591013705,-0.0195
2018-10-12,-0.0008992898629231472,0.0139999999999999
2018-10-15,-0.0009055537389596172,-0.0046999999999999
2018-10-16,-0.000209980017997238,0.0226
2018-10-17,-0.0005877605434358069,-0.0008
2018-10-18,-0.0009266322782755447,-0.0153
2018-10-19,-0.0009182511486380536,-0.0023
2018-10-22,-0.0008314664758559386,-0.0037
2018-10-23,-0.0010286694453789762,-0.0060999999999999
2018-10-24,-0.001737387170011353,-0.0332
2018-10-25,-0.0016269318270964975,0.0194
2018-10-26,-0.0013565603315303125,-0.0163999999999999
2018-10-29,-0.0016084951929787787,-0.0075
2018-10-30,-0.0006261418158321279,0.0167
2018-10-31,-0.0006554640009903297,0.0121999999999999
2018-11-01,-2.012658089255246e-05,0.013
2018-11-02,0.00011481806393200354,-0.0052
2018-11-05,6.713953688642884e-05,0.0041
2018-11-06,0.0006843762596078372,0.0058
2018-11-07,0.0004105062085675,0.0213
2018-11-08,-0.00034260833340471627,-0.0027
2018-11-09,-0.0009525587378374778,-0.0103
2018-11-13,-0.0008441765374782676,-0.0012
2018-11-14,-0.0018362808881419292,-0.0077
2018-11-15,-0.001783911441996326,0.0118999999999999
2018-11-16,-0.0017887280201179553,0.0016
2018-11-19,-0.0022033981287440663,-0.0186999999999999
2018-11-20,-0.0021204980962702524,-0.0184
2018-11-21,-0.001977705538640539,0.0052
2018-11-23,-0.0014376936791580283,-0.0054
2018-11-26,-0.0020259426935512977,0.0163
2018-11-27,-0.001179497992141844,0.0012
2018-11-28,-0.0006039335394232015,0.0243
2018-11-29,-0.0006611755132765879,-0.0021
2018-11-30,-0.0009699816852121457,0.008
2018-12-03,-0.001325440018789936,0.0113999999999999
2018-12-04,-0.00028305350660597854,-0.0345
2018-12-06,-0.0005822192963340234,-0.0015
2018-12-07,0.0022940553894113037,-0.0235
2018-12-10,0.001724446540255513,0.0011
2018-12-11,0.0006981354363753461,-0.0007
2018-12-12,0.0018322304746886799,0.0069
2018-12-13,0.0012508926319884294,-0.0025
2018-12-14,0.002500897003051423,-0.0187999999999999
2018-12-17,0.003042193392191349,-0.0212
2018-12-18,0.002715026547238034,-0.0001999999999999
2018-12-19,0.0008961643298584356,-0.0157
2018-12-20,0.0029311175651864857,-0.0161
2018-12-21,0.0008754667890167754,-0.0215
2018-12-24,0.00032761073106689814,-0.0254
2018-12-26,-0.00019132624339952676,0.0508
2018-12-27,0.0009445660911472734,0.0079
2018-12-28,0.000789170202247897,-0.0001999999999999
2019-01-02,0.0021541621071606643,0.0023
2019-01-03,0.00022375608442072747,-0.0244
2019-01-04,-0.00019233992646858057,0.0355999999999999
2019-01-07,-0.0009741061110898017,0.0095
2019-01-08,-0.0005484228470631763,0.0102
2019-01-09,-0.00010212814216651307,0.0053
2019-01-10,0.0005429589959872788,0.0041
2019-01-11,-0.0006333620059003064,0.0001
2019-01-14,-0.00032796255406704794,-0.0059
2019-01-15,0.0008030042681115984,0.0106
2019-01-16,0.001334485062011317,0.0029
2019-01-17,0.0009026504965759982,0.0079
2019-01-22,-4.238056604048998e-05,-0.0151
2019-01-23,-0.0009882365153475736,0.0017
2019-01-24,-0.001631820387530671,0.0024
2019-01-25,-0.0002812562884733638,0.0091
2019-01-28,-0.0009659178935935014,-0.0079
2019-01-29,-0.0006076760653626118,-0.0018
2019-01-30,-0.0010602632241748342,0.0152
2019-01-31,-0.0007347139470320063,0.0092
2019-02-01,-0.0008098712169139288,0.0014
2019-02-04,-0.00038870937220607596,0.0074
2019-02-05,-0.0007143837515570172,0.0044
2019-02-06,-0.0013948123143846369,-0.002
2019-02-07,-0.0002373960779959454,-0.0092
2019-02-08,-0.0009356130245456023,0.0011
2019-02-11,-0.000990047310764193,0.0015
2019-02-12,6.50954376873678e-05,0.0137
2019-02-13,3.87250626677397e-05,0.0029
2019-02-14,-0.00044076856630579427,-0.0019
2019-02-15,0.0002726241915892131,0.0113999999999999
2019-02-19,-8.779913924732518e-05,0.002
2019-02-20,-0.003405471819554087,0.002
2019-02-21,-0.003493206094525336,-0.0036
2019-02-22,-0.004435905661772406,0.0066
2019-02-25,-0.00336378961156011,0.0016
2019-02-26,-0.0032534667929899905,-0.0015
2019-02-27,-0.001846657992780472,0.0011
2019-02-28,-0.002506544280017235,-0.003
2019-03-01,-0.0018967692053069615,0.0073
2019-03-04,-0.0016132734117349674,-0.0051
2019-03-05,-0.0018262111183822297,-0.0016
2019-03-06,-0.002053771805373925,-0.0083
2019-03-07,-0.0018532456470213843,-0.0081
2019-03-08,-0.001092777262162861,-0.0021
2019-03-11,0.0008373798842258148,0.015
2019-03-14,0.0007780151199254569,-0.0009
2019-03-15,0.0007357844585351337,0.0049
2019-03-18,0.00020860530222946292,0.0047
2019-03-19,-0.00018268171814301182,-0.0008
2019-03-20,0.0004018322093287763,-0.0036
2019-03-21,0.0015579438390323729,0.0111
2019-03-22,0.0021294666560730566,-0.0216
2019-03-25,0.0013899414109398041,-0.0004
2019-03-26,0.0021231105675636177,0.0077
2019-03-27,0.0031418827556875025,-0.0049
2019-03-28,0.001761522038951525,0.0041
2019-03-29,0.0011800137085050955,0.0067
2019-04-01,-0.0004795247861337359,0.012
2019-04-02,-0.0007097189188351958,-0.0004
2019-04-03,0.0007725841967934177,0.0028
2019-04-04,0.0007700964170270566,0.002
2019-04-05,0.0006078553600423148,0.0054
2019-04-08,0.0004167468794325285,0.0009
2019-04-09,0.0001675277977117962,-0.0064
2019-04-10,-0.00031325549181464616,0.0049
2019-04-11,-0.00042401655840832814,0.0001
2019-04-12,0.0013022414491146404,0.0065
2019-04-15,-0.0025198393045565894,-0.0008
2019-04-16,-0.004129414645392604,0.0014
2019-04-17,-0.002940076904372423,-0.0031
2019-04-18,-0.0026151138409976258,0.0012
2019-04-22,-0.00030999407873893065,0.0012
2019-04-23,0.0011660225391178303,0.0098
2019-04-24,0.000679843035309194,-0.0021
2019-04-25,-0.0005534512900471186,-0.0013
2019-04-26,-0.0006942293138854091,0.0054
2019-04-29,-0.0009957751883372698,0.0019
2019-04-30,-0.0013140522653673136,-0.0003
2019-05-01,-0.0012844041213516469,-0.0081999999999999
2019-05-02,-0.002722316848532216,-0.0015
2019-05-03,-0.0022198552401290483,0.0113999999999999
2019-05-06,-0.0015430077909856402,-0.0038
2019-05-07,-0.0019333517947446063,-0.0168
2019-05-08,-0.002680042722596944,-0.002
2019-05-09,-0.0023192060303911495,-0.0027
2019-05-10,-0.002129143460449878,0.0036
2019-05-13,-0.0017668445710597382,-0.0264
2019-05-14,-0.0016314229574293246,0.0092
2019-05-15,-0.0015712843708698527,0.0059
2019-05-16,-0.0013780346914253512,0.0092
2019-05-17,-0.00020513042378263296,-0.0069999999999999
2019-05-20,-0.0014636106874057683,-0.0064
2019-05-21,-0.0011337039011698991,0.0091
2019-05-22,-9.658118804331664e-05,-0.0039
2019-05-23,-0.0005763941875172756,-0.0136
2019-05-24,-0.0009955637378783056,0.0024
2019-05-28,-0.0012091414975651973,-0.0077
2019-05-29,-0.0011958212266811661,-0.0069999999999999
2019-05-30,-0.00037182530062770947,0.0015
2019-05-31,-9.275520871395037e-05,-0.0136
2019-06-03,-0.0007000010995973561,-0.0039
2019-06-04,-0.000780001624365318,0.0232999999999999
2019-06-05,0.00024574012227251355,0.0070999999999999
2019-06-06,-0.0004363256640451581,0.0056
2019-06-07,0.0009562399901328691,0.0105
2019-06-10,0.0016516912722783503,0.0055
2019-06-11,0.0005643387743643017,-0.0011
2019-06-12,0.001291758885460105,-0.0019
2019-06-13,-1.3568063971009113e-05,0.0053
2019-06-14,-0.0006390686272850826,-0.0026
2019-06-17,-4.650460240449364e-05,0.0016
2019-06-18,0.0007487103501875173,0.0105
2019-06-19,0.0018965112566137739,0.0033
2019-06-20,0.001361823760965679,0.009
2019-06-21,0.00179007395092343,-0.002
2019-06-24,0.0011627280977634965,-0.0034
2019-06-25,0.001451456911973822,-0.0097
2019-06-26,0.0007819903683988791,-0.0006
2019-06-27,0.0009289921768168702,0.006
2019-06-28,0.0007001361790961703,0.0069
2019-07-01,0.0007672136016913295,0.0076
2019-07-02,-0.00022422832694794044,0.0015
2019-07-03,-0.001045833581629217,0.008
2019-07-05,-0.0014748555892749708,-0.0009
2019-07-08,-4.243652601283732e-05,-0.0056999999999999
2019-07-09,0.0003347565251983702,0.002
2019-07-10,-0.0003248224695863402,0.0041
2019-07-11,-0.0001929659853009028,0.002
2019-07-12,-0.00018924097785074276,0.0054
2019-07-15,-0.000530245792466897,-0.0004
2019-07-16,0.0004211890629783826,-0.0031
2019-07-17,0.0009361592013491099,-0.0063
2019-07-18,0.0005282821635202871,0.0036
2019-07-19,0.0014328766122084626,-0.0055999999999999
2019-07-22,0.0029281341690497367,0.0026
2019-07-23,0.0013467869803592898,0.0065
2019-07-24,0.0013298714899720925,0.0067
2019-07-25,0.0018239135767651505,-0.0062
2019-07-26,0.002194302705309124,0.0083
2019-07-29,0.0016228141764836389,-0.0031
2019-07-30,0.0008598208899660009,-0.0016
2019-07-31,0.0017068800470575547,-0.0109
2019-08-01,0.001346149316424484,-0.0103
2019-08-02,0.0021559191480939196,-0.0086
2019-08-05,0.0013344564180815053,-0.0306
2019-08-06,0.0021140898555406422,0.013
2019-08-07,0.00159925941578684,0.0008
2019-08-08,0.0008952462401219199,0.0197999999999999
2019-08-09,0.0015860442555153753,-0.0077
2019-08-12,0.0001177010261380078,-0.013
2019-08-13,0.00011704015831885993,0.0148
2019-08-14,0.00013138477440981542,-0.0294
2019-08-15,-0.0007567086051933347,0.0018
2019-08-16,0.0008956341054982707,0.0156
2019-08-19,-0.0004969890809486939,0.0115
2019-08-20,-0.00015932308553204266,-0.0074
2019-08-21,0.00012020581037583257,0.0086
2019-08-22,-0.0015110878844013435,-0.0009
2019-08-23,-0.0011748037456790613,-0.0265
2019-08-26,-0.0004073682784835084,0.0109
2019-08-27,-0.00041694070095111494,-0.0045
2019-08-28,-0.0008943809075549287,0.0069
2019-08-29,0.0002437732396930559,0.0136
2019-08-30,0.0010252027104720007,0.0004
2019-09-03,0.000735047086631751,-0.0085
2019-09-04,-0.0018253151428150787,0.0109
2019-09-05,-0.002171938014800782,0.0143
2019-09-06,-0.0009381906280095969,-0.0001
2019-09-09,-4.419642233431086e-05,0.0008
2019-09-10,0.00036485310051852005,0.0017
2019-09-11,0.0015905720959777034,0.0088
2019-09-12,0.0023955312363778056,0.0023
2019-09-13,0.0022129258127183394,-0.0001
2019-09-16,0.0027169992477006186,-0.0022
2019-09-17,0.0009122384013316839,0.0018
2019-09-18,0.001296589886050676,-0.0003
2019-09-19,0.0006504828448046985,-0.0004
2019-09-20,0.000274420407495322,-0.0046999999999999
2019-09-23,-7.806016610214224e-06,-0.0001
2019-09-24,-2.282481315104371e-05,-0.0098999999999999
2019-09-25,0.00016386527275627697,0.0069999999999999
2019-09-26,0.0003134896475353102,-0.0039
2019-09-27,0.0006815558204207627,-0.0060999999999999
2019-09-30,0.001628482783424831,0.0051
2019-10-01,0.0004980566289630203,-0.013
2019-10-02,0.0005283324836760547,-0.0172
2019-10-03,-0.0019175177881979666,0.0081
2019-10-04,-0.002084073333149128,0.0139999999999999
2019-10-07,0.0005787766183865711,-0.004
2019-10-08,0.002284540856900351,-0.016
2019-10-09,0.0023151863103400747,0.0093
2019-10-10,0.0015484294663042815,0.0060999999999999
2019-10-11,0.0006859659194012771,0.0124
2019-10-14,0.0008029135076646264,-0.0017
2019-10-15,-0.0003568741417651776,0.0104
2019-10-16,0.0009564783197949804,-0.0023
2019-10-17,0.0009389546265568827,0.0038
2019-10-18,0.001372513163716103,-0.0048
2019-10-21,0.0007967540151474271,0.0072
2019-10-22,0.0006302977123355672,-0.0033
2019-10-23,0.0010936090059480296,0.0026
2019-10-24,0.0009496888272337122,0.0026
2019-10-25,0.0006134044211932923,0.0051
2019-10-28,-7.083511701803511e-05,0.0063
2019-10-29,0.0011997850245516087,-0.0012
2019-10-30,0.0006783219861950726,0.0029
2019-10-31,0.00037149361601984676,-0.0037
2019-11-01,-0.0003190637887759186,0.0108
2019-11-04,-0.0024679495693415016,0.004
2019-11-05,-0.0038255695227959016,-0.0001999999999999
2019-11-06,-0.0008404481814543481,-0.0004
2019-11-07,-0.0023934577909379496,0.0039
2019-11-08,-0.002242582556499317,0.0032
2019-11-11,-0.0019932542507779772,-0.0018
2019-11-12,-0.0015446709346001383,0.0017
2019-11-13,-0.0010781336402751057,0.0002
2019-11-14,2.5480857368215567e-05,0.0008
2019-11-15,0.0010392274379633513,0.0075
2019-11-18,0.0012401322981093863,0.0004
2019-11-19,0.0015878038956979174,0.0003
2019-11-20,0.0011154385323784894,-0.0032
2019-11-21,0.0014777786418371736,-0.0013999999999999
2019-11-22,0.0018615025954112916,0.0025
2019-11-25,0.0008762379765367323,0.0093
2019-11-26,0.0016800103366816782,0.002
2019-11-27,0.0015620750031687923,0.0045
2019-11-29,0.00050496326314437,-0.0040999999999999
2019-12-02,0.00012295588641588227,-0.0086
2019-12-03,-7.976688372961612e-05,-0.0065
2019-12-04,0.0003535084304108914,0.0060999999999999
2019-12-05,0.0008798002403734912,0.0014
2019-12-06,0.0009078030322956656,0.0092
2019-12-09,0.001352426369416465,-0.0032
2019-12-10,0.002929885150225962,-0.0007
2019-12-11,0.0015666255994152957,0.0029
2019-12-12,0.0018784273768126694,0.0091
2019-12-13,0.0005513252087506232,-0.0001999999999999
2019-12-16,-0.00012406547768566763,0.0075
2019-12-17,-0.0007712986920937292,0.0011
2019-12-18,-0.0010376265057559007,-0.0004
2019-12-19,-0.0018246553772679073,0.0044
2019-12-20,-0.0012553963767829494,0.0049
2019-12-23,-0.001981696588467993,0.0011
2019-12-24,-0.0029819640597853626,0.0002
2019-12-26,-0.001612719051660189,0.005
2019-12-27,-0.0018963610446879947,-0.0008
2019-12-30,-0.0030764095121682614,-0.0055999999999999
2019-12-31,-0.0023069353959048198,0.0029
2020-01-02,-0.0002640568878462156,0.0087
2020-01-03,-0.0013512007798479758,-0.0066
2020-01-06,-0.001119153947730384,0.0037
2020-01-07,0.00020034422129887048,-0.0018
2020-01-08,-0.0007154953108578105,0.0048
2020-01-09,-0.002846552592166211,0.0066
2020-01-10,-0.0007770702482105865,-0.0033
2020-01-13,-0.0012903101549521117,0.0074
2020-01-14,-0.002835713301530425,-0.0005
2020-01-15,-0.0015823147281914588,0.0017
2020-01-16,-0.0008928468472635452,0.0089
2020-01-17,-0.0008604974934403047,0.0029
2020-01-21,9.066842507589275e-05,-0.0031
2020-01-22,-0.0001683570251669987,0.0009
2020-01-23,-0.0009977659992573933,0.0009
2020-01-24,-0.0020420690191402277,-0.0096
2020-01-27,0.0004768781064244426,-0.0155
2020-01-28,-0.00046189334404583685,0.0103
2020-01-29,-0.00033263692948730844,-0.001
2020-01-30,-0.0004457249246412848,0.0035
2020-01-31,-0.0007605788591325484,-0.0173
2020-02-03,-0.00033249487982252535,0.0085
2020-02-04,0.001071330177153312,0.0158
2020-02-05,0.0017807493413477414,0.0098
2020-02-06,0.003065454959518022,0.0028
2020-02-07,0.002909466412192699,-0.0054
2020-02-10,0.003457275447977871,0.0074
2020-02-11,0.0035096495045095675,0.0028
2020-02-12,0.003561278343579074,0.0067
2020-02-13,0.0012671448999408295,-0.0008
2020-02-14,0.0028308458715039448,0.0015
2020-02-18,0.004153345159078416,-0.0018
2020-02-19,0.003841648918527279,0.0060999999999999
2020-02-20,0.000791679540013838,-0.0034
2020-02-21,-0.0006254299083789136,-0.0111
2020-02-24,0.0006491346567121927,-0.0338
2020-02-25,0.0006921880812135739,-0.0308
2020-02-26,0.0014950036115306449,-0.0051
2020-02-27,-0.0011059672245737524,-0.0421
2020-02-28,0.0023030505172629435,-0.0077
2020-03-02,0.004799556576695606,0.0431999999999999
2020-03-03,0.00455852309287348,-0.0279
2020-03-04,0.0029631177247530873,0.0404
2020-03-05,0.004350737146733088,-0.0337
2020-03-06,0.0010166335005092402,-0.0177
2020-03-09,0.0019987178047676,-0.0778
2020-03-10,0.002029469603153758,0.0475
2020-03-11,-0.0006290405018161897,-0.0504999999999999
2020-03-12,-0.0015339854267911379,-0.0962
2020-03-13,-0.0037018178139439284,0.0899
2020-03-16,-0.0027068968092749854,-0.12
2020-03-17,-0.001557004922281767,0.0588999999999999
2020-03-18,-0.006713158646222196,-0.0555
2020-03-19,-5.2380276878939545e-05,0.0132
2020-03-20,0.0053551622059884695,-0.0414
2020-03-23,0.006365362915093934,-0.0255
2020-03-24,0.008361976282168775,0.0935
2020-03-25,0.010301107723793425,0.0118
2020-03-26,0.011027234469875493,0.0604
2020-03-27,0.006863779183586222,-0.0347
2020-03-30,0.00747990868134315,0.0317999999999999
2020-03-31,0.0101203753213778,-0.0143
2020-04-01,0.004448761267938337,-0.045
2020-04-02,0.0049180380618525955,0.021
2020-04-03,0.004662746946211913,-0.0163999999999999
2020-04-06,0.005583204830506194,0.071
2020-04-07,0.004437205460408766,-0.0011
2020-04-08,-0.002006760160736772,0.0342
2020-04-09,0.001279807643473059,0.0159
2020-04-13,0.0008689177318855151,-0.0092
2020-04-14,-0.0008540680732200248,0.0302999999999999
2020-04-15,-0.0015841042706471356,-0.0215
2020-04-16,-0.006062319173971801,0.0062
2020-04-17,0.0001028320833128476,0.0273
2020-04-20,0.0013148369613681084,-0.0157
2020-04-21,-0.0004755861775992594,-0.0308999999999999
2020-04-22,0.000729753963241477,0.0231
2020-04-23,0.0007498361181019764,0.0012
2020-04-24,-0.0022370018298449746,0.0143
2020-04-27,-0.00020465558733129892,0.0173
2020-04-28,0.0009014892598819793,-0.0045
2020-04-29,0.004032996045795878,0.0292
2020-04-30,0.001543239691658692,-0.0118
2020-05-01,-0.0007078820222421672,-0.0291
2020-05-04,-0.0003312105338783906,0.0054
2020-05-05,-0.002778663306446139,0.0095
2020-05-06,0.0005806447261522377,-0.0052
2020-05-07,0.001710655614605668,0.0133
2020-05-08,0.0005176099829986507,0.019
2020-05-11,-0.0030894744294135443,0.0006
2020-05-12,-0.005069710337731733,-0.0207
2020-05-13,-0.00575674466856292,-0.0189
2020-05-14,-0.007356616190691615,0.0115
2020-05-15,-0.017025144818610918,0.0056999999999999
2020-05-18,-0.006704450483154755,0.0324
2020-05-19,-0.015412367643778077,-0.0101
2020-05-20,-0.0001262971806822706,0.018
2020-05-21,0.0016663327442229012,-0.0070999999999999
2020-05-22,0.004092831147518951,0.0027
2020-05-26,0.006999195194270271,0.0123
2020-05-27,0.006926967329270569,0.0154
2020-05-28,0.005920450951919511,-0.0040999999999999
2020-05-29,0.004575129671630356,0.0059
2020-06-01,0.005677465629843937,0.0051
2020-06-02,0.004233858496926677,0.0081
2020-06-03,0.008161312556050699,0.0141
2020-06-04,0.005873675316264254,-0.0034
2020-06-05,0.0018010595989981504,0.025
2020-06-08,-0.0002511739709389623,0.0135
2020-06-09,-0.0007039477095759384,-0.0086
2020-06-10,0.0006023882693298632,-0.0055
2020-06-11,0.004158668268183477,-0.0591
2020-06-12,-0.0036492779180940316,0.0129
2020-06-15,-0.00047432989465563447,0.0108
2020-06-16,-0.0008573417184353889,0.0187999999999999
2020-06-17,-0.00018351183254515898,-0.0040999999999999
2020-06-18,-0.0010918836121368554,0.0018
2020-06-19,-0.002193456973943696,-0.0045
2020-06-22,-0.0012804535642850787,0.0070999999999999
2020-06-23,-0.002129211959067372,0.0040999999999999
2020-06-24,-0.0020055915114160472,-0.0262
2020-06-25,-0.0010394674077912266,0.0113
2020-06-26,0.0029894108886149603,-0.0243
2020-06-29,0.004173492248843821,0.015
2020-06-30,0.0036959155462394167,0.0158
2020-07-01,0.000615260575253891,0.0040999999999999
2020-07-02,0.0014224755900157818,0.0051
2020-07-06,0.0033637561667939084,0.0166
2020-07-07,0.003908773639541498,-0.0101
2020-07-08,0.003492846465298052,0.0089
2020-07-09,0.0010710148511573789,-0.0054
2020-07-10,0.001265678472919563,0.0111
2020-07-13,-3.158620033455153e-05,-0.0118999999999999
2020-07-14,-0.0017548961608681965,0.0136
2020-07-15,-0.0023365128948585443,0.0113999999999999
2020-07-16,-0.001816649290007264,-0.0038
2020-07-17,-0.0022462800884957774,0.003
2020-07-20,-0.0008833151281707505,0.0103
2020-07-21,-0.00029855392276870326,0.0015
2020-07-22,-0.0015895330005530279,0.005
2020-07-23,-0.0013755080235259797,-0.012
2020-07-24,-0.00268906204657238,-0.0074
2020-07-27,-0.0031404472145623395,0.0088
2020-07-28,-0.002883554110568093,-0.0081
2020-07-29,-0.002820555542783687,0.0136
2020-07-30,-0.003765160265835255,-0.0029
2020-07-31,-0.0044818701531240315,0.0062
2020-08-03,-0.004878285197430052,0.0097
2020-08-04,-0.005182803077628257,0.0037
2020-08-05,-0.004582666645737214,0.0078
2020-08-06,-0.003783462752816356,0.0053
2020-08-07,-0.0040740043948392125,0.0002
2020-08-10,-0.0033441375821099506,0.0023
2020-08-11,-0.002412303351972406,-0.0083
2020-08-12,-0.0026629900406317827,0.0139999999999999
2020-08-13,-0.00276834365323597,-0.0002
2020-08-14,-0.0015031359060033156,-0.0004
2020-08-17,0.0006174448830518706,0.0045
2020-08-18,0.0029978821259302136,0.0023
2020-08-19,0.0024664602085167904,-0.0038
2020-08-20,-0.0006089214477275648,0.0031
2020-08-21,0.00019734495851377043,0.0026
2020-08-24,-0.0015077152417034318,0.0092
2020-08-25,-0.0022921055014328007,0.0034999999999999
2020-08-26,-0.0013752599442992328,0.01
2020-08-27,-0.0019077237119652448,0.0018
2020-08-28,-0.001997386246029731,0.0069999999999999
2020-08-31,-0.0018981712706785223,-0.0004
2020-09-01,-0.002755748240809825,0.0092
2020-09-02,-0.001066754396066009,0.0127
2020-09-03,-0.0007122453160303495,-0.037
2020-09-04,-0.0018769492337988793,-0.0087
2020-09-08,0.004009960987137827,-0.0293
2020-09-09,0.0023852346799405266,0.0207
2020-09-10,0.001467445655615074,-0.0163999999999999
2020-09-11,0.002660953187423763,-0.0005
2020-09-14,0.004154368618066345,0.0158
2020-09-15,0.0026359516677682162,0.0056999999999999
2020-09-16,0.0030081231956083257,-0.004
2020-09-17,0.0030891726642539364,-0.0085
2020-09-18,0.0018770448970756443,-0.0089
2020-09-21,0.00013313755737299574,-0.0107
2020-09-22,-0.0014365649617857673,0.0101
2020-09-23,-0.003923045165518525,-0.0247
2020-09-24,-0.0032149818972780197,0.0026
2020-09-25,-0.0030678154775602134,0.0171
2020-09-28,-0.0011309097517943545,0.0165
2020-09-29,-0.000595349071358889,-0.0042
2020-09-30,-0.002026542748956766,0.0079
2020-10-01,-0.0037000768582497426,0.0078
2020-10-02,-0.0032589639921536163,-0.0097
2020-10-05,-0.0032612704836212005,0.0194
2020-10-06,-0.00025383653270789875,-0.0128
2020-10-07,-0.0005244024869574362,0.0184
2020-10-08,0.0025982445280462252,0.008
2020-10-09,-0.0033950165946913555,0.0093
2020-10-12,-0.005554096865218507,0.0154
2020-10-13,-0.004083603048951342,-0.0042
2020-10-14,-0.003910532081868225,-0.0065
2020-10-15,-0.004439676654012057,-0.0008
2020-10-16,-0.004439551933228403,-0.0006
2020-10-19,-0.005266140542019741,-0.0153
2020-10-20,-0.008317403100924615,0.0034999999999999
2020-10-21,-0.0007998220151667053,-0.0034999999999999
2020-10-22,-0.04462247596354954,0.0066
2020-10-23,-0.03978230404835451,0.0038
2020-10-26,-0.04517807766175778,-0.0185
2020-10-27,-0.04272485105116389,-0.0023
2020-10-28,-0.06179742516229255,-0.0342
2020-10-29,-0.061182162029843105,0.0113
2020-10-30,-0.06875469313389379,-0.0144999999999999
2020-11-02,-0.07471685123531976,0.0116999999999999
2020-11-03,-0.12762807227736847,0.0192999999999999
2020-11-04,-0.08684033491166551,0.0225
2020-11-05,-0.051097773612755,0.0212
2020-11-06,-0.10821091201761915,0.0001
2020-11-09,-0.02672919932567088,0.0083
2020-11-10,-0.024452287783517723,-0.0016
2020-11-11,-0.019920556807072217,0.0088
2020-11-12,0.06917089549324279,-0.0093999999999999
2020-11-13,0.06774416637469707,0.0131
2020-11-16,0.07225578257309248,0.0121999999999999
2020-11-17,0.08302637187038592,-0.002
2020-11-18,0.07396703952303695,-0.0093999999999999
2020-11-19,0.07271503412667146,0.0058
2020-11-20,-0.006369589308804626,-0.0051
2020-11-23,-0.00452713523785123,0.0081999999999999
2020-11-24,-0.004824458980994274,0.0156
2020-11-25,-0.0027172070616194883,0.0002
2020-11-27,9.548308753488481e-05,0.0042
2020-11-30,-0.0006579684096415502,-0.0052
2020-12-01,0.0012943827622861183,0.0098999999999999
2020-12-02,0.0011806333473745848,0.0011
2020-12-03,0.0009524440431214029,0.0017
2020-12-04,-0.0017831767832953782,0.0101
2020-12-07,-0.0010130774664187752,0.0002
2020-12-08,-0.0010765209036816363,0.0046999999999999
2020-12-09,0.00273689074065263,-0.0103
2020-12-10,0.00580157566893472,0.0024
2020-12-11,0.004117990027317189,-0.0018
2020-12-14,0.008855924062976368,-0.0026
2020-12-15,0.0038494240808291343,0.0129
2020-12-16,0.0047370312420170575,0.0016
2020-12-17,0.003916247240150796,0.0078
2020-12-18,0.0030932358287131196,-0.0014
2020-12-21,0.004778651643632182,-0.0024
2020-12-22,0.0074610269549440795,0.0005
2020-12-23,0.006817596517563521,0.0011
2020-12-24,0.005763605841110079,0.0023
2020-12-28,0.006242762070597303,0.0049
2020-12-29,0.007629101485823611,-0.0039
2020-12-30,0.0058090145827883145,0.0027
2020-12-31,0.000507241914664123,0.004
2021-01-04,-0.0017142255337251704,-0.0141
2021-01-05,0.0022788434185576295,0.0086
2021-01-06,0.005318550366333806,0.0079
2021-01-07,0.0032751303639919536,0.0176
2021-01-08,0.0027513262674114126,0.0051
2021-01-11,0.0012839271770096502,-0.0052
2021-01-12,-0.0012744354908948985,0.0037
2021-01-13,-0.002183147223415369,0.0006
2021-01-14,-0.002110032575937911,-0.0012
2021-01-15,-0.0025327915648043365,-0.0086
2021-01-19,-0.0006147368004579144,0.0092
2021-01-20,0.001665181357035557,0.0127
2021-01-21,0.0034061446945493007,-0.0004
2021-01-22,0.0036874086595153235,-0.0007
2021-01-25,0.004689782300762341,0.0029
2021-01-26,0.004940372006286937,-0.0033
2021-01-27,0.005906717221997839,-0.0253
2021-01-28,0.0037414269237007313,0.0093
2021-01-29,0.004903383778789752,-0.0184
2021-02-01,0.005465033461063291,0.0172
2021-02-02,0.006834012331076288,0.0148
2021-02-03,0.006945029281032328,0.0014
2021-02-04,0.006327590611251519,0.0121999999999999
2021-02-05,0.004798669986111715,0.0056999999999999
2021-02-08,0.007961498963077497,0.0096
2021-02-09,0.006640293858980695,0.0005
2021-02-10,0.006110561532087652,-0.0008
2021-02-11,0.006430173837736021,0.002
2021-02-12,0.0045480241204599835,0.0049
2021-02-16,0.002635782523668575,-0.0014
2021-02-17,0.0024724559370631963,-0.002
2021-02-18,0.003158514615643246,-0.0062
2021-02-19,0.0022154001088710578,0.0016
2021-02-22,-2.370368590081359e-05,-0.0111
2021-02-23,-0.00032576431128429736,-0.0011
2021-02-24,-0.0006508137225787427,0.0115
2021-02-25,0.000928537691560895,-0.0272
2021-02-26,0.001986748128810963,-0.0028
2021-03-01,0.0025795472958069854,0.0262
2021-03-02,0.0022638179824356827,-0.0105
2021-03-03,0.00029400669495342296,-0.0155
2021-03-04,-0.0024589403872507807,-0.0167
2021-03-05,-0.004317045747066972,0.0187
2021-03-08,-0.008731989153712342,-0.0067
2021-03-09,-0.004791537267537951,0.0177
2021-03-10,-0.0064300917224597515,0.0067
2021-03-11,-0.002344772749237578,0.0141
2021-03-12,-0.0049926154930452875,0.0011
2021-03-15,-0.002780577247682805,0.0069
2021-03-16,-0.0027277966975877465,-0.0040999999999999
2021-03-17,-0.0019078153120441507,0.0034
2021-03-18,-0.0021985438961715418,-0.0186
2021-03-19,-0.0015700385887046186,0.0023
2021-03-22,0.0009354168220070786,0.0056
2021-03-23,0.0015553059674619507,-0.0116
2021-03-24,0.00023702077785154688,-0.0097
2021-03-25,-0.0015275946286334048,0.0067
2021-03-26,-0.0032000394338330285,0.0156
2021-03-29,-0.002949298113955579,-0.0048
2021-03-30,-0.0017161212464690768,-0.0003
2021-03-31,-0.000374503331284734,0.0063
2021-04-01,0.0022984037613366006,0.0127
2021-04-05,0.004227967264923251,0.0128
2021-04-06,0.004904756794841815,0.0
2021-04-07,0.00545680551415132,-0.0011
2021-04-08,0.005698290370106286,0.0062
2021-04-09,0.004507652656700309,0.0065
2021-04-12,0.00325686338530819,-0.0004
2021-04-13,0.0029552347976636965,0.0040999999999999
2021-04-14,0.004558088695246502,-0.0034
2021-04-15,-0.000889473547172182,0.0106
2021-04-16,-0.0022624305703320604,0.0027
2021-04-19,-0.001093301618750933,-0.0072
2021-04-20,-0.0010360595548368203,-0.0093
2021-04-21,-0.001200221384927096,0.011
2021-04-22,0.001244794127973307,-0.0078
2021-04-23,9.718854619731113e-05,0.0126
2021-04-26,-0.0005791280392016568,0.0040999999999999
2021-04-27,-0.0013545201720867911,-0.0003
2021-04-28,-0.0021576847983552205,-0.0007
2021-04-29,0.0014697309514414962,0.004
2021-04-30,0.007558212831398695,-0.0081999999999999
2021-05-03,0.004122388208451226,0.0018
2021-05-04,-0.003801222622620155,-0.0089
2021-05-05,-0.005071372291694736,-0.0005
2021-05-06,-0.005124751538315256,0.0049
2021-05-07,-0.007251727284613428,0.0084
2021-05-10,-0.008562160609598817,-0.0135
2021-05-11,-0.0065393733619444365,-0.0063
2021-05-12,-0.001753079048496978,-0.0233999999999999
2021-05-13,0.004547797649709439,0.0104
2021-05-14,0.00432024457240747,0.0179
2021-05-17,0.0036782754864304215,-0.0024
2021-05-18,0.0032950664274027843,-0.0069999999999999
2021-05-19,0.002895079959546551,-0.0034
2021-05-20,0.0016521769821662995,0.0113999999999999
2021-05-21,0.0009651295490041359,-0.0004
2021-05-24,0.00455148566649017,0.0098999999999999
2021-05-25,0.006097338879353091,-0.003
2021-05-26,0.0063513183206789225,0.0046
2021-05-27,0.006504091955679041,0.0027
2021-05-28,0.006885042906111613,0.0004
2021-06-01,0.003974374956271673,0.0003
2021-06-02,0.003578061937399165,0.0011
2021-06-03,0.0030876503944251847,-0.0053
2021-06-04,0.004531551056686316,0.009
2021-06-07,0.003607976180117176,0.0014
2021-06-08,0.003948428680748989,0.0018
2021-06-09,0.0029081753021455554,-0.0029
2021-06-10,0.0014340149842665803,0.0040999999999999
2021-06-11,0.002034165797551726,0.0037
2021-06-14,0.00039939337052384327,0.0015
2021-06-15,0.0010560811874347426,-0.003
2021-06-16,0.002875447456073527,-0.0046
2021-06-17,0.0033858422264802543,0.0001
2021-06-18,0.0019480926591673468,-0.0123
2021-06-21,0.0019281975745258659,0.0136
2021-06-22,0.001837846118768107,0.0058
2021-06-23,0.0028748670946069695,0.0
2021-06-24,0.0024554309415267487,0.0069
2021-06-25,0.002800028951873156,0.0031
2021-06-28,0.002831991623863393,0.0021
2021-06-29,0.0010079070074675085,0.0001
2021-06-30,0.0019443887466297478,0.0007
2021-07-01,0.0026557427274262486,0.0044
2021-07-02,0.0033307467714543473,0.0056
2021-07-06,0.003989995577378719,-0.0027
2021-07-07,0.003406721014512466,0.001
2021-07-08,0.0018633581704100993,-0.0086
2021-07-09,0.0025100030687915617,0.0126
2021-07-12,0.000819560624709064,0.0023
2021-07-13,0.0009267073904834534,-0.0055
2021-07-14,0.0010186959525450632,-0.0025
2021-07-15,0.0007151233452391689,-0.0038
2021-07-16,-0.0001969433506721456,-0.0076
2021-07-19,-0.0005823775861139745,-0.0141999999999999
2021-07-20,0.00028073814874729426,0.017
2021-07-21,0.0006971382343503354,0.0095
2021-07-22,0.0004095003552169569,0.001
2021-07-23,-0.00046284520179218163,0.0098999999999999
2021-07-26,-0.000637938436489346,0.0018
2021-07-27,-0.0005033907177043413,-0.0065
2021-07-28,-0.00011539953005469527,0.0027
2021-07-29,-0.0007627042798040442,0.0040999999999999
2021-07-30,-0.0009694827988120125,-0.0065
2021-08-02,-0.0007794776864849432,-0.0012
2021-08-03,-0.0007454106477286435,0.0073
2021-08-04,7.825570210040643e-05,-0.0039
2021-08-05,0.0003001139494142914,0.0074
2021-08-09,0.0009191657461330485,0.0
2021-08-11,0.0015125145746240182,0.002
2021-08-12,0.0012980666100729289,0.0024
2021-08-13,0.0009395989159279655,0.0002
2021-08-16,0.0005257932594230354,-0.0003
2021-08-17,0.0002733251234397613,-0.0079
2021-08-18,0.00045856631313529524,-0.0096
2021-08-19,0.0019074586554853731,-0.0013
2021-08-20,0.002467922687621808,0.0092
2021-08-23,0.0006739681587984756,0.0107
2021-08-24,-0.0005608088872450998,0.004
2021-08-25,-2.5205061953369884e-05,0.0027
2021-08-26,0.0009624733030760064,-0.0065
2021-08-27,0.000748042044342809,0.0107
2021-08-30,-9.960838037631982e-05,0.0034999999999999
2021-08-31,-0.0006427058383708677,-0.0013
2021-09-01,-0.0011516575713022895,0.0011
2021-09-02,-0.00018268735298625525,0.0034999999999999
2021-09-03,-0.0013642649129219434,-0.0002
2021-09-08,-0.005695173089696549,-0.0033
2021-09-09,-0.005671891464391447,-0.0028
2021-09-10,-0.006868319781202349,-0.0076
2021-09-13,-0.0084173748309688,0.0014
2021-09-14,-0.005210969519970505,-0.0066
2021-09-15,-0.007147701491943847,0.0088
2021-09-16,-0.007937757496693162,-0.0005
2021-09-17,-0.007552406626892526,-0.0074
2021-09-20,-0.008437461128133343,-0.0186
2021-09-21,-0.008030144308622152,0.0003
2021-09-22,-0.00827006382042622,0.01
2021-09-23,-0.005383685770232679,0.0128
2021-09-24,-0.002636279364787344,0.0009
2021-09-27,-0.0014764828199896308,-0.0011
2021-09-28,-0.001734481146749356,-0.0217
2021-09-29,-0.001307972042574112,0.0004
2021-09-30,-0.0007930631562925732,-0.0103
2021-10-01,-0.0016601634972538376,0.0112
2021-10-04,-0.0019087916186119225,-0.0141999999999999
2021-10-05,-0.00040946701457591047,0.0106
2021-10-06,-0.0003868195955450736,0.0034
2021-10-07,0.0004577843434111572,0.0101
2021-10-11,0.0005915691114611799,-0.0072
2021-10-12,0.0012085102215205294,-0.0007
2021-10-13,0.0007608218192658244,0.0043
2021-10-14,-0.0013374359194046684,0.0165
2021-10-15,-0.0010346621729767505,0.0064
2021-10-18,0.0005682225358572615,0.004
2021-10-19,-0.00025913607461050303,0.0069999999999999
2021-10-20,0.0001674835350946633,0.0034
2021-10-21,-0.000378874064657594,0.0036
2021-10-22,-0.0003727210455332489,-0.0025
2021-10-25,0.00017909702471914833,0.0056
2021-10-26,-0.00017634474049766583,0.0005
2021-10-27,1.760445457201396e-05,-0.0076
2021-10-28,-0.0012563856034685413,0.0111
2021-10-29,-0.0011429416651045294,0.0021
2021-11-01,-0.004600543221466987,0.005
2021-11-02,-0.0029726840296477926,0.0025
2021-11-03,-0.003852079435212641,0.0079
2021-11-04,-0.003325080228497563,0.0039
2021-11-05,-0.003540692264446305,0.0037
2021-11-08,-0.0028496881188496514,0.0016
2021-11-09,-0.0016762619511761178,-0.0034
2021-11-10,-0.003485791290421613,-0.0104
2021-11-11,-0.004149981935005378,0.0017
2021-11-12,-0.0027893855747786714,0.0074
2021-11-15,-0.0013469660425824749,-0.0006
2021-11-16,-0.000801835198811192,0.0044
2021-11-17,-0.0003522197857183801,-0.0040999999999999
2021-11-18,-0.0003753105348324783,0.0014
2021-11-19,0.0010389870571788362,-0.0025
2021-11-22,0.0005009179268928908,-0.0056999999999999
2021-11-23,-6.77720676375706e-05,-0.0002
2021-11-24,-0.00032393208234699476,0.003
2021-11-26,0.002269951858061193,-0.0223
2021-11-29,0.002779659625977251,0.011
2021-11-30,0.003049330849729893,-0.0195
2021-12-01,0.0016719244796582111,-0.0159
2021-12-02,0.0027723992165469215,0.0153
2021-12-03,0.00402127774533135,-0.0118
2021-12-06,0.003842990078257277,0.012
2021-12-07,0.005482414133839268,0.0222
2021-12-08,0.003947892897139128,0.0046
2021-12-09,0.004190756712093579,-0.0104
2021-12-10,0.004754424525862785,0.0070999999999999
2021-12-13,0.004765885129434554,-0.0104
2021-12-14,0.007706348421133608,-0.0076
2021-12-15,0.00966251376590941,0.0162
2021-12-16,0.00951108729884509,-0.0118999999999999
2021-12-17,0.005568117691092611,-0.0066
2021-12-20,0.005445273064012117,-0.0126
2021-12-21,0.003972945158008763,0.0206
2021-12-23,0.0040534551503791415,0.0072
2021-12-27,0.0031192206489762,0.0123
2021-12-28,0.0021838047672599783,-0.0026
2021-12-29,0.0030778536813732566,0.0007
2021-12-30,0.0017734842460647021,-0.0017
2021-12-31,0.001884905893293252,-0.0031
2022-01-03,-0.000706436455036618,0.0072
2022-01-04,0.0006302717839930049,-0.0027
2022-01-05,0.0015931099876772918,-0.0226
2022-01-06,0.0015141391275415351,0.0
2022-01-07,0.0013395314492302228,-0.0049
2022-01-10,0.001790571960370941,-0.0014
2022-01-11,0.0021211806851473974,0.0108
2022-01-12,0.00239380225577488,0.0013
2022-01-13,0.0029227505737704665,-0.0155
2022-01-14,0.0027091164726087548,0.0008
2022-01-18,0.0018668064008425206,-0.0206
2022-01-19,0.0018569702623639553,-0.0102
2022-01-20,0.0010262121461622952,-0.0115
2022-01-21,0.00148052044006801,-0.0209
2022-01-24,0.0036349300088077347,0.0053
2022-01-25,-6.225600074156757e-05,-0.0141999999999999
2022-01-26,0.00046641271991335477,-0.0029
2022-01-27,0.0016604254938144486,-0.0076
2022-01-28,0.0023301206651580083,0.0246
2022-01-31,0.0017589789410581906,0.0232
2022-02-01,0.0004247273786420218,0.0087
2022-02-03,0.0008531189627672701,-0.0248
2022-02-08,-0.001833362109932762,0.0102
2022-02-09,-0.001217661120047547,0.016
2022-02-10,-0.00015677091643784125,-0.0169
2022-02-11,-0.00034435156148162206,-0.0191
2022-02-14,0.00013815018919757639,-0.0034999999999999
2022-02-15,0.0004165137885552794,0.0185
2022-02-16,-0.0003961118500145091,-0.0002
2022-02-17,-0.00034898976914487487,-0.0229
2022-02-18,-1.8023013185281297e-05,-0.0085
2022-02-22,0.0004879193993066035,-0.0116999999999999
2022-02-23,0.00035263956359572746,-0.0195
2022-02-24,-0.0003136964693761628,0.0187
2022-02-25,0.00014520538306303586,0.0224
2022-02-28,-0.003470471694941616,0.0003
2022-03-01,-0.002319319069890568,-0.0155
2022-03-02,-0.0033685389682709533,0.0182
2022-03-03,-0.003467764045513861,-0.0086
2022-03-07,-0.0002079677439319811,-0.0314
2022-03-08,0.0006027932010757189,-0.0053
2022-03-09,0.00022362644664980174,0.0279
2022-03-10,0.0009438128981117506,-0.0046999999999999
2022-03-11,0.0012765900096155343,-0.0148
2022-03-14,0.0006524354197992357,-0.0104
2022-03-15,0.0009953375980731832,0.0215
2022-03-16,0.000904380091265203,0.026
2022-03-17,0.0023214682664625297,0.0141999999999999
2022-03-18,0.0012801207570868774,0.0132
2022-03-21,0.0023795136238566436,-0.0017
2022-03-22,0.0031154007340032644,0.013
2022-03-23,0.003486659867994806,-0.0125
2022-03-24,0.0038906836590406066,0.0141999999999999
2022-03-25,0.0035205012997891628,0.0028
2022-03-28,0.003411541455539858,0.0073
2022-03-29,0.003450147864766535,0.0143
2022-03-30,0.0040883852493144995,-0.0081999999999999
2022-03-31,0.0028221834206493346,-0.0154
2022-04-01,0.0030842939250606254,0.0039
2022-04-04,0.0046444510476923795,0.0093
2022-04-05,0.003304030916793073,-0.0153
2022-04-06,0.002988931617383911,-0.0123
2022-04-07,0.0021817572025737897,0.0034
2022-04-08,0.0013167705213741965,-0.0038
2022-04-11,0.002032889105730726,-0.0154
2022-04-12,0.0015188352322170412,-0.0029
2022-04-13,0.0031918322334810022,0.0139
2022-04-14,0.002135090772965013,-0.0128
2022-04-18,0.003665644163953548,-0.0019
2022-04-20,0.0015125781468352713,-0.0027
2022-04-21,0.000864718938722378,-0.0173
2022-04-22,0.00022312502877617737,-0.0274
2022-04-25,-0.0016914045591847953,0.0069999999999999
2022-04-27,-0.0010853521266418658,0.0013
2022-04-28,-0.0013723936292295816,0.0245
2022-04-29,-8.514083318105399e-05,-0.0354
2022-05-02,-0.0010766913033333576,0.008
2022-05-03,-0.0001912577598317458,0.0040999999999999
2022-05-04,-0.0016425699092522355,0.0301
2022-05-05,-0.001429983875287433,-0.038
2022-05-06,-0.001046147921623883,-0.0085
2022-05-09,-0.0023720173614629556,-0.0352
2022-05-10,-0.0005665971032228259,0.0022
2022-05-11,-0.0003245208415928157,-0.0192999999999999
2022-05-12,-0.0019462231915386196,0.0015
2022-05-13,-0.0005985879774136507,0.0274
2022-05-16,-0.0007919854415024095,-0.0059
2022-05-17,-0.0010712335590429864,0.0213
2022-05-18,-0.001020127180886375,-0.0406
2022-05-19,-0.0004651298974398625,-0.0034
2022-05-20,0.0004429246271409838,-0.0005
2022-05-23,0.0013922035650235712,0.0175
2022-05-24,0.0013383832030716648,-0.0121
2022-05-25,0.000589388702427668,0.0121
2022-05-26,-0.0002891017456056019,0.0218
2022-05-27,4.688785833944898e-05,0.0258
2022-05-31,-0.00041393003698870286,-0.0070999999999999
2022-06-01,0.000354358316990049,-0.0074
2022-06-02,0.0005567499575337883,0.0208
2022-06-03,-0.0010317805357469368,-0.0163
2022-06-06,-0.0007978520310671605,0.0033
2022-06-07,-0.0005566578935834447,0.01
2022-06-08,0.0009928236895500335,-0.0102
2022-06-09,0.00011414816296430396,-0.0243
2022-06-10,0.0003803730655885063,-0.03
2022-06-13,0.0008110970154996591,-0.0412
2022-06-14,-0.0029382212956611223,-0.0026
2022-06-15,-0.0009323079337086903,0.0155
2022-06-16,9.152864706567232e-05,-0.0352
2022-06-17,0.0005469919371949803,0.0045
2022-06-21,0.0004987222286754097,0.0237999999999999
2022-06-22,0.0004617554430370373,-0.0019
2022-06-23,-0.00021397559371874752,0.0112
2022-06-24,-0.0004008560874996167,0.0313
2022-06-27,0.0003232581846496157,-0.0027
2022-06-28,9.312280935802531e-05,-0.0209
2022-06-29,-0.0001629043852089334,-0.0019
2022-06-30,-0.0005285797844841039,-0.0096
2022-07-01,-0.0006894076646559089,0.0115
2022-07-05,0.00011163057466378252,0.0048
2022-07-06,0.004475524977332402,0.0017
2022-07-07,0.0005376914926224466,0.0176
2022-07-08,0.001085191770451034,-0.0007
2022-07-11,0.0001879128916329341,-0.0138
2022-07-12,-0.0005715074497369302,-0.0089
2022-07-13,3.5175845817183214e-05,-0.0039
2022-07-14,-0.0014559602067929962,-0.0040999999999999
2022-07-15,0.0011475950627602089,0.0196
2022-07-18,0.00345404773252019,-0.0070999999999999
2022-07-19,0.0015197482231030296,0.0281
2022-07-20,0.00034440297544547884,0.0089
2022-07-21,0.0013013746071199757,0.0097
2022-07-22,0.0022629505263739064,-0.0118
2022-07-25,0.0024969565678219846,0.0012
2022-07-26,0.0026298580612043538,-0.0132
2022-07-27,0.000913160339875522,0.0272
2022-07-28,0.0009991447024364397,0.0118999999999999
2022-07-29,0.0019247264113085166,0.0144999999999999
2022-08-01,0.0016972134763451345,-0.0019
2022-08-02,0.003247136146838342,-0.0049
2022-08-03,0.0009059125342562811,0.0168
2022-08-04,0.0016934145123908223,-0.0004
2022-08-08,-0.0004872192264076412,0.0001
2022-08-09,0.0005956883454905337,-0.0066
2022-08-10,-4.8576260326174216e-05,0.0236
2022-08-11,-0.00037652090862237545,-0.0006
2022-08-12,-0.00019065011549435692,0.0177
2022-08-15,8.018849662461753e-05,0.0039
2022-08-16,-0.0006250007208077937,0.002
2022-08-17,0.0002491109904424872,-0.0091
2022-08-18,3.446862897897739e-05,0.0028
2022-08-19,0.0008804264621088887,-0.0148
2022-08-22,0.0017308374358067477,-0.0212
2022-08-23,0.0021914176870317364,-0.001
2022-08-24,0.002731828119915054,0.004
2022-08-25,0.002657188572748532,0.0146
2022-08-26,0.002563694216002178,-0.0336
2022-08-29,0.0019819898230406963,-0.0069999999999999
2022-08-30,0.00233916714394044,-0.011
2022-08-31,0.0019594772817077308,-0.0074
2022-09-01,0.0009880236118609614,0.0001
2022-09-02,0.0009933867953007278,-0.0098
2022-09-06,0.00044537088399844747,-0.005
2022-09-07,-0.0007855288632070504,0.0192999999999999
2022-09-08,-0.0008979382801740746,0.0079
2022-09-09,0.00038674778465432817,0.0168
2022-09-12,0.00046540857652950827,0.0108
2022-09-13,0.0012923716940119396,-0.0428
2022-09-14,0.0009311279531859491,0.0045
2022-09-15,0.0022315411433669655,-0.0103
2022-09-16,0.001549226048643546,-0.0097
2022-09-19,0.000702617737890536,0.0073
2022-09-20,0.0027989030182336157,-0.0113999999999999
2022-09-21,0.0025424491161796865,-0.0167
2022-09-22,0.0022750695761852673,-0.0113
2022-09-23,0.0032012033286188506,-0.0184
2022-09-26,0.003967225532178185,-0.0101
2022-09-27,0.004395074221032043,-0.0003
2022-09-28,0.0038036030979866978,0.0215
2022-09-29,0.0035007146141855933,-0.0215
2022-10-03,0.00327567598273539,0.0256999999999999
2022-10-04,0.0025463427162117406,0.033
2022-10-05,0.0035271865593595898,-0.002
2022-10-06,0.00416270513146263,-0.0084
2022-10-07,0.001530969079783275,-0.0289
2022-10-10,0.0008611227530980959,-0.0079
2022-10-11,0.0002953442384828244,-0.0069
2022-10-12,0.0009232367453589722,-0.0026
2022-10-13,-0.0016122974720235454,0.0242
2022-10-14,-0.0016703562085986872,-0.0244
2022-10-17,0.0006959072848366915,0.0275
2022-10-18,0.0020773475687241227,0.0118999999999999
2022-10-19,-0.00012991195643214596,-0.0086
2022-10-20,-0.0003077485965652074,-0.0079
2022-10-21,0.0001567004905686632,0.0230999999999999
2022-10-24,0.00028493870449769785,0.0105
2022-10-25,0.00033147612789192885,0.0179
2022-10-26,0.0010696732360242435,-0.0065
2022-10-27,0.0006649870174246474,-0.0053
2022-10-28,0.0003876867143255269,0.0233999999999999
2022-10-31,-0.001099191346938229,-0.0067
2022-11-01,-0.0006244457838603082,-0.0034
2022-11-02,-0.001000370528391001,-0.0266
2022-11-03,-0.0016597571487711798,-0.0102
2022-11-04,0.00018360542315025468,0.0116999999999999
2022-11-07,0.00016717108202621712,0.0088
2022-11-08,0.0004512107202419488,0.0052
2022-11-09,-0.00010530194729377638,-0.0223
2022-11-10,-0.0007740956697494144,0.0568999999999999
2022-11-11,0.0012851719787866326,0.0107
2022-11-14,0.0011739447424341184,-0.0093999999999999
2022-11-15,0.0009953648719458034,0.0104
2022-11-16,0.0006091020693833411,-0.0101
2022-11-17,5.735084792722072e-05,-0.0040999999999999
2022-11-18,-0.00023752327000762225,0.0041
2022-11-21,-0.0005773480448801392,-0.0051
2022-11-22,-0.00042732938783051174,0.0137
2022-11-23,0.0007468124266152364,0.0064
2022-11-25,0.000722991485805288,-0.0001999999999999
2022-11-28,0.0009405333499093788,-0.0154
2022-11-29,0.0012291549929516693,-0.0017
2022-11-30,-0.00015109391071162833,0.0313
2022-12-01,3.0374675479959453e-05,0.0
2022-12-02,-0.00043407101815209865,-0.0006
2022-12-05,-0.000907416741573213,-0.02
2022-12-06,-0.0006836987955689448,-0.0149
2022-12-07,-0.0017172885810063897,-0.0022
2022-12-08,-0.0024564539990298965,0.0078
2022-12-09,-0.0024497214882563977,-0.0078
2022-12-12,-0.0035066941317749307,0.0143
2022-12-13,-0.0037037067700009282,0.0068
2022-12-14,-0.0035194448441166265,-0.0054
2022-12-15,-0.0027484499502450047,-0.0255
2022-12-16,-0.0041600335593353615,-0.01
2022-12-19,-0.004566770870971035,-0.0098
2022-12-20,-0.004919916288699536,0.0015
2022-12-21,-0.004616301720852645,0.0155
2022-12-22,-0.005475801336848323,-0.015
2022-12-23,-0.005517941411055341,0.0054
2022-12-27,-0.005999639658856671,-0.0048
2022-12-28,-0.0059577516784904095,-0.0121999999999999
2022-12-29,-0.007367635257494793,0.0189
2022-12-30,-0.0077171616212769086,-0.002
2023-01-03,-0.00859908382623954,-0.0045
2023-01-04,-0.0038312822169953298,0.0083
2023-01-05,-0.004008176267309431,-0.0111999999999999
2023-01-06,-0.0043883269502300055,0.0223
2023-01-09,-0.0035791598300535937,0.0005
2023-01-10,-0.0030252393003395587,0.0081
2023-01-11,-0.0014037400020140878,0.0127
2023-01-12,-0.00023262208116952966,0.0047
2023-01-13,-0.00041267332705150584,0.0048
2023-01-17,0.0007615718424263936,-0.0016
2023-01-18,0.0010605199278984553,-0.0153
2023-01-19,0.00215549042145014,-0.0084
2023-01-20,0.002596549283237663,0.0196
2023-01-23,0.002029732556116434,0.013
2023-01-24,0.001172957790014022,-0.0014
2023-01-25,0.001474964969597454,0.0002
2023-01-26,0.00041265771318344083,0.011
2023-01-27,-0.0005841838846432555,0.0036
2023-01-30,-0.001202675533421344,-0.0136
2023-01-31,-0.0012201989291630597,0.016
2023-02-01,-0.002092550533677945,0.0121
2023-02-02,-0.00015794567699774375,0.0156
2023-02-03,0.00039292195243414676,-0.0106
2023-02-06,0.0018297701129124323,-0.0070999999999999
2023-02-07,0.001989348435621715,0.0127
2023-02-08,0.0018025664490221999,-0.0116
2023-02-09,0.0019179715843810063,-0.0092
2023-02-10,0.0024457696124364214,0.0013999999999999
2023-02-13,0.0017712598646141369,0.0116
2023-02-15,0.0011119243950235187,0.0052
2023-02-16,0.0003506425027398927,-0.0135
2023-02-17,0.0012602178762581959,-0.0026
2023-02-21,0.0016597949003607443,-0.0214
2023-02-22,0.002332542417951728,-0.0002
2023-02-23,0.003003891261829303,0.0049
2023-02-24,0.0028984901252770414,-0.0106
2023-02-27,0.003308198835461241,0.0033
2023-02-28,0.0024915186725097812,-0.0024
2023-03-01,0.0042851334993018264,-0.0038999999999999
2023-03-03,0.0033478031476320003,0.0163
2023-03-06,0.0025451914943508906,-0.0011
2023-03-07,0.002729818418088991,-0.0143
2023-03-09,0.0007928558154895807,-0.02
2023-03-10,0.00016842480555174662,-0.0166
2023-03-13,0.0015215765452081685,-0.0032
2023-03-14,-5.995750561156279e-05,0.0174
2023-03-15,0.0022179392491358924,-0.0077
2023-03-16,0.003091730552808528,0.0178
2023-03-17,0.003548060512452455,-0.0118999999999999
2023-03-20,0.0037696643491090254,0.0086
2023-03-21,0.002730313224850342,0.015
2023-03-22,0.002484187906733217,-0.0172
2023-03-24,0.002377005733443469,0.0048
2023-03-27,0.0012071708689889334,0.0029
2023-03-28,0.0016624394761618427,-0.0015
2023-03-29,0.0025184969082288535,0.0141
2023-03-30,0.0016517066671933476,0.0053
2023-03-31,0.0026206266312577726,0.0155
2023-04-03,0.0020396893114848114,0.003
2023-04-04,0.0021748990179719253,-0.0069999999999999
2023-04-05,0.0035867218363980907,-0.0037
2023-04-06,0.0033717210656262083,0.0036
2023-04-10,0.004079086735592547,0.0022
2023-04-11,0.002978481287458565,0.0008
2023-04-12,0.00306076923172772,-0.0049
2023-04-13,-0.00014673973693541152,0.0141
2023-04-14,0.0006529069672047989,-0.0021
2023-04-17,0.00020248130994868295,0.0035
2023-04-18,-0.00021012912453875207,0.0006
2023-04-20,0.0003642067917982639,-0.0059
2023-04-21,-0.000633133240231619,0.001
2023-04-24,0.000872528930952261,0.0002
2023-04-25,0.0016184354076854447,-0.0174
2023-04-26,0.0007255373587272711,-0.0038999999999999
2023-04-27,7.412554724691708e-05,0.0187
2023-04-28,0.0005345666897320205,0.008
2023-05-01,0.0022162180815456533,0.0
2023-05-02,0.002699174273030114,-0.0125
2023-05-03,0.0019142511973554487,-0.0055
2023-05-04,-0.0008357408553566952,-0.0076
2023-05-05,0.00040704842886501926,0.0192999999999999
2023-05-08,-0.00033037693264975783,0.0009
2023-05-09,-0.0013086550419105858,-0.0040999999999999
2023-05-10,-0.0020956139318169245,0.0045
2023-05-12,0.0008548254808900797,-0.002
2023-05-15,0.0013329324682710435,0.0048
2023-05-16,0.002164755491190568,-0.0069999999999999
2023-05-17,0.0020531252693766367,0.0133
2023-05-18,0.0018685511919216229,0.0101
2023-05-19,0.0009140981103463661,-0.0024
2023-05-22,0.0014971898370673936,0.0019
2023-05-23,0.0016065607975569397,-0.0108
2023-05-24,0.0017789932064469632,-0.0069999999999999
2023-05-25,0.0007596411013459092,0.0067
2023-05-30,0.0012603079632112074,0.0001
2023-05-31,0.0018595846747571304,-0.0058
2023-06-01,0.0001534476742430991,0.0104
2023-06-02,-0.0007120019948411006,0.0164
2023-06-05,0.0005030190902804428,-0.0024
2023-06-06,-0.001702727967752397,0.0048
2023-06-07,-0.0018081476088879197,-0.0034
2023-06-08,-0.0021704502632618563,0.0060999999999999
2023-06-09,-0.002633445082307429,0.0005
2023-06-12,-0.0020170876436706275,0.0096
2023-06-13,-0.0023174367820764066,0.0076
2023-06-14,-0.0013322513988633462,-0.0001
2023-06-15,-0.0008331489286843428,0.0124
2023-06-16,-0.001485091113071536,-0.0043
2023-06-20,-0.00012151279433405719,-0.0046
2023-06-21,-0.0013404390165174544,-0.0054
2023-06-22,0.0014244196018714146,0.0034
2023-06-23,0.0013903960394659525,-0.0081999999999999
2023-06-26,0.0019617533883845434,-0.0046
2023-06-28,0.0014568153178026672,0.0005
2023-06-29,0.0006729017144257505,0.0046
2023-06-30,0.0022790997952374737,0.0116
2023-07-05,0.0033086199137122648,-0.0026999999999999
2023-07-06,0.000625456362905207,-0.0092
2023-07-07,-0.00046308175186674807,-0.0011
2023-07-10,-0.004247095377281042,0.0038
2023-07-12,-0.0029113046580813624,0.0076
2023-07-13,-0.0020202062668485277,0.0092
2023-07-14,0.0002896604429200974,-0.0023
2023-07-17,0.0005010610217505945,0.005
2023-07-18,-0.0003593775526551942,0.008
2023-07-19,-0.001347630815449034,0.0027
2023-07-20,-0.0002267828158486381,-0.0079
2023-07-21,-1.8455999611128994e-05,-0.0003
2023-07-24,8.74954690942333e-05,0.0033
2023-07-25,-0.0004798192407932921,0.0027
2023-07-26,-0.00218276213306911,0.0003
2023-07-27,-0.0023344609960661137,-0.0072
2023-07-28,-0.002309544389619393,0.0115
2023-07-31,-0.0020193755482510586,0.0027
2023-08-01,-0.0025682885085388223,-0.0032
2023-08-02,-0.0016864146482342378,-0.0147
2023-08-03,-0.001537964890118249,-0.0017
2023-08-04,-0.00036302661630835246,-0.0046
2023-08-07,0.0009429263384456833,0.0079
2023-08-08,0.0012629879543863038,-0.0045
2023-08-09,0.002652158197584297,-0.0076
2023-08-10,0.002493282554810014,0.0003
2023-08-11,0.002743472717310194,-0.0009
2023-08-14,0.001516638447957017,0.0053
2023-08-15,0.0014330018334810484,-0.0116
2023-08-16,0.0010200963182451536,-0.0079
2023-08-17,0.0017898658938656697,-0.0085
2023-08-18,0.0011414124721511394,0.0006
2023-08-21,0.0006603446951841027,0.0066
2023-08-22,-5.214178536874626e-05,-0.003
2023-08-23,0.00011198991251357997,0.011
2023-08-24,9.814594865853763e-05,-0.0139999999999999
2023-08-25,0.000497904472659099,0.0067
2023-08-28,0.0010596146193075262,0.0065
2023-08-29,0.0019929137635748915,0.0152
2023-08-30,0.0023035688087416806,0.0043
2023-08-31,0.002088924536332389,-0.0006
2023-09-01,0.0018925357788372964,0.0028
2023-09-05,0.001112310817463818,-0.0052
2023-09-06,0.0018738430253960048,-0.0069
2023-09-07,0.0011163387857681712,-0.0038
2023-09-08,0.0007503300443775398,0.0013999999999999
2023-09-11,0.0006380394142874778,0.0068
2023-09-12,0.0010163687364208372,-0.0056999999999999
2023-09-13,0.0017827099255272687,0.0005
2023-09-14,0.002841467933496324,0.0085
2023-09-15,0.00182475310266329,-0.0118999999999999
2023-09-18,-8.577043528193749e-05,-0.0002
2023-09-19,0.0006392112257228885,-0.0024
2023-09-20,0.0002770197966670297,-0.0093
2023-09-21,0.0010707278462263766,-0.0166
2023-09-22,0.00010680081120348041,-0.0023
2023-09-25,0.0009718014628633524,0.0041
2023-09-26,0.0011294830538855277,-0.0144
2023-09-27,0.000250829479282987,0.0015
2023-09-28,0.001678745316244515,0.0067
2023-09-29,0.0020486586339983816,-0.0025
2023-10-03,0.0014097262051043875,-0.0147
2023-10-04,-0.0002200870220466426,0.0079
2023-10-05,-0.0016834729695423185,-0.0013
2023-10-06,-0.0016495856230320937,0.0123
2023-10-09,-0.0022418928434528324,0.0060999999999999
2023-10-10,-0.0012844270252114537,0.0062
2023-10-11,-0.0009782827282642523,0.0035
2023-10-12,-0.0008194074748076841,-0.0079
2023-10-13,-0.0013534329059094847,-0.0056999999999999
2023-10-16,-0.0014349442948831607,0.0115
2023-10-17,-0.0010523813453746315,0.0011
2023-10-18,-0.0002518399251811919,-0.0144
2023-10-19,0.0007521555758868395,-0.009
2023-10-20,0.0011899677167664996,-0.013
2023-10-23,0.00011467629039939,-0.0021
2023-10-24,0.00143016532713168,0.0076
2023-10-25,0.0016548599087876324,-0.0155
2023-10-26,0.00160618949109102,-0.0113
2023-10-27,0.0011215716323737137,-0.005
2023-10-30,0.0003535826612013842,0.0116999999999999
2023-10-31,0.0016612354336851126,0.0065
2023-11-01,0.002169232807378096,0.0095
2023-11-02,0.0013636067992043048,0.0196
2023-11-06,-0.0006618042077963669,0.0003
2023-11-07,-0.0019394072855402251,0.0037
2023-11-08,0.0003414740673967924,-0.0001
2023-11-09,-0.0008056851899953779,-0.0087
2023-11-13,-0.003068340467959896,-0.0003
2023-11-14,-0.0006466033729206267,0.022
2023-11-15,-0.0013711201857434857,0.002
2023-11-16,0.0013230174361356173,-0.0009
2023-11-17,0.0006226492525964605,0.0027
2023-11-21,0.0011730194473930505,-0.003
2023-11-22,0.001319298593890873,0.0049
2023-11-27,0.0020182523452534195,-0.0021
2023-11-28,0.0015353158378881755,0.0007
2023-11-29,0.0012010204748355306,0.0003
2023-11-30,0.0010642323768326298,0.0037
2023-12-01,0.0008476429065188341,0.0083
2023-12-04,0.00010802163646824982,-0.0042
2023-12-05,0.0005776237991877724,-0.0019
2023-12-06,0.001570236527649527,-0.0038
2023-12-07,-0.00043483385772937,0.0083
2023-12-08,-0.0003908774385295762,0.0046
2023-12-11,0.0012664086181989386,0.0038
2023-12-12,0.002710555226799859,0.0036
2023-12-13,0.0005057369982393011,0.0156
2023-12-14,0.0021802780431507615,0.0052
2023-12-15,0.00026920355858653985,-0.0003999999999999
2023-12-18,0.0001360761304958049,0.0044
2023-12-19,-0.0004895297355599025,0.0073
2023-12-20,0.00020186266681478874,-0.0153
2023-12-21,0.0012478026562567194,0.0111
2023-12-22,0.0010406771646925355,0.0022
2023-12-27,0.000543813404994484,0.0018
2023-12-28,0.0009692845429258303,0.0001
2023-12-29,0.00045216092620457295,-0.0040999999999999
2024-01-02,-0.0007256731865396449,-0.0068
2024-01-03,-0.0008500740139747219,-0.0098999999999999
2024-01-04,-0.0003205598108806524,-0.0031
2024-01-05,0.0006124729857325079,0.0017
2024-01-08,-2.858961867445943e-05,0.0151
2024-01-09,-0.001250886572749763,-0.0019
2024-01-10,-0.001274601525081718,0.0053
2024-01-11,3.1919285862824e-05,-0.0012
2024-01-12,0.0005150796813020774,0.0001
2024-01-16,0.0007822692315785555,-0.0045
2024-01-17,0.00011095741761556816,-0.0056999999999999
2024-01-18,0.0005551845369109388,0.0089
2024-01-22,-0.0008017670926674192,0.004
2024-01-23,-0.0012535140357074388,0.0024
2024-01-24,-0.003809261644853172,0.0001
2024-01-25,-0.0038772557557934014,0.0048
2024-01-26,-0.003442725012706401,0.0
2024-01-29,-0.0022238131958529322,0.0087
2024-01-30,-0.001978339779366097,-0.001
2024-01-31,-0.002161197484725619,-0.0172
2024-02-01,-0.0015950559769527571,0.0124
2024-02-02,-1.6783501887491597e-05,0.0101
2024-02-05,0.00023749923085162697,-0.0038999999999999
2024-02-06,0.00013095505675570404,0.0029
2024-02-07,0.0005581976644169315,0.0079
2024-02-08,0.000372237501933537,0.0023
2024-02-09,0.0005418185486407095,0.0067
2024-02-12,6.609791867529644e-05,0.0006
2024-02-13,-0.0009688839365530726,-0.0158
2024-02-14,-0.0006308626177219179,0.0116
2024-02-15,-0.0012645592732286545,0.0069
2024-02-16,-7.415840126648445e-05,-0.0051
2024-02-20,0.0005212601770430594,-0.0070999999999999
2024-02-21,-0.0002969693303288641,0.0
2024-02-22,0.00010952253169635594,0.0204
2024-02-23,0.0005880172604483647,0.0004
2024-02-26,-0.00020934773047199864,-0.0024
2024-02-27,0.00032267924580406935,0.0028
2024-02-28,0.0021096095494450265,-0.0024
2024-02-29,0.0006569480092884413,0.0055
2024-03-01,0.00014110112379654753,0.0078
2024-03-04,0.00144612792670346,-0.0016
2024-03-05,-0.0005660463927889203,-0.0105
2024-03-06,-0.0005750280635463556,0.0055
2024-03-07,-0.0004687226880068544,0.0104
2024-03-08,-0.00016438477241666348,-0.0064
2024-03-11,-0.0015862844469025428,-0.0018
2024-03-12,-0.0005764129437925171,0.0106
2024-03-13,-0.0014247413726270633,-0.0012
2024-03-14,0.0007017325334623494,-0.004
2024-03-15,-0.0009691372853508398,-0.0055999999999999
2024-03-18,-0.0006840055145911801,0.0055
2024-03-19,0.000592556310093415,0.0056
2024-03-20,-0.00017802825234718001,0.0104
2024-03-21,0.0012106493322789863,0.0044
2024-03-22,0.000772565389257168,-0.0021
2024-03-25,0.0005031424634745339,-0.0025
2024-03-26,0.0007567416918844917,-0.0024
2024-03-27,0.0003558116227872522,0.009
2024-03-28,-0.0006606859628389186,0.0013
2024-04-01,-0.0006620964384371432,-0.0024
2024-04-02,-0.0005902081710683396,-0.0083
2024-04-03,-0.0006488666892948803,0.0019
2024-04-04,-0.0016196111926616247,-0.012
2024-04-05,-0.0018755034735285449,0.0108
2024-04-08,-0.0010581545270590713,0.0003
2024-04-09,-0.0009783629120087493,0.0015
2024-04-10,-0.0015114480179954847,-0.0098
2024-04-11,-0.0021442436634814123,0.0075
2024-04-12,-0.0019271707363894652,-0.0151
2024-04-15,-0.003010745701820238,-0.0127
2024-04-16,-0.001459079778943744,-0.0021
2024-04-17,-0.0009430229993989557,-0.0062
2024-04-18,-0.0008008151423974451,-0.0025
2024-04-19,0.00037433141006164603,-0.008
2024-04-22,0.0006662809134339895,0.0089
2024-04-23,0.0009546961813375587,0.0129
2024-04-24,0.0003563536068738026,0.0001
2024-04-26,-0.0006996493875634324,0.0105
2024-04-29,-0.001670638679297622,0.0035
2024-04-30,-0.0015208779385303506,-0.0165
2024-05-01,-0.0011710274285342186,-0.0025
2024-05-02,0.0001880603667371849,0.0103
2024-05-03,0.0006213750793055066,0.012
2024-05-06,-5.6033024520875677e-05,0.011
2024-05-07,-0.0001357923284173486,0.0007
2024-05-08,-0.0006360560444167935,-0.0006999999999999
2024-05-09,-0.0010056120584381895,0.0054
2024-05-10,3.6465150389128418e-06,0.0011
2024-05-13,0.0013531970317595936,-0.0002
2024-05-14,0.0021284038821181702,0.0058
2024-05-15,0.0009353870313463688,0.0116999999999999
2024-05-16,0.0014063829763055664,-0.0023
2024-05-17,0.0009631902469204751,0.0013
2024-05-20,0.0006777145785914948,0.0016
2024-05-21,0.0006162700532902493,0.0018
2024-05-22,0.0010355313094174037,-0.0032999999999999
2024-05-23,-0.00025181133820796544,-0.0081999999999999
2024-05-24,0.00019098951441254825,0.0073
2024-05-28,0.000152482622921111,-0.0002
2024-05-29,-0.00034533302838863993,-0.0075
2024-05-31,0.00035394641459365574,0.007
2024-06-03,-0.0007977530461604152,0.0007
2024-06-04,-0.000467452733267933,-0.0003999999999999
2024-06-05,-0.000384952391509056,0.0125
2024-06-06,-0.00044870031005099086,-0.0003999999999999
2024-06-07,-0.0006568320551968144,-0.0021
2024-06-10,-0.0008642125653295228,0.0029
2024-06-11,-0.0014696698384906194,0.0022
2024-06-14,-0.0017510356066473029,-0.0014
2024-06-17,-0.001180545185938649,0.008
2024-06-18,-0.001995701747292304,0.0022
2024-06-20,-0.002320698765725732,-0.0027999999999999
2024-06-21,-0.0015484154392608658,-0.0011
2024-06-24,7.144121364585643e-05,-0.0024
2024-06-25,0.0005492571391775743,0.0033
2024-06-26,0.000929884395328717,0.0018
2024-06-27,0.0017011322131972918,0.0016
2024-06-28,0.002004999701534472,-0.0032999999999999
2024-07-01,0.002853532016591962,0.0025
2024-07-02,0.0019332771871137537,0.0059
2024-07-03,0.0024637686624803447,0.005
2024-07-05,0.0025822098333276085,0.005
2024-07-08,0.0021401331143778434,0.0012
2024-07-09,0.0023685524743163886,0.0002
2024-07-10,0.0007997281657590174,0.0098999999999999
2024-07-11,-0.0005909067784979052,-0.0058
2024-07-12,0.00039610106711661917,0.006
2024-07-15,-0.0025870560648362335,0.004
2024-07-16,-0.0036135024141271547,0.0084
2024-07-17,-0.0026010335595413833,-0.0147
2024-07-18,-0.0016214865910742485,-0.0093
2024-07-19,-0.002680331163569564,-0.0066
2024-07-22,-0.004695733269573698,0.011
2024-07-23,-0.005164092784968089,-0.0005
2024-07-24,-0.00503956613585964,-0.0237999999999999
2024-07-25,-0.005036689690766382,-0.0027999999999999
2024-07-26,-0.0041324886765746315,0.0112
2024-07-29,-0.0038056057547030935,0.0
2024-07-30,-0.004813717543096308,-0.0046999999999999
2024-07-31,-0.004410814683351219,0.0154
2024-08-02,-0.0018255020224859893,-0.0209
2024-08-05,-0.002517203375173851,-0.03
2024-08-09,0.0007114424295229404,0.0045
2024-08-12,0.0008698055242593879,-0.0006
2024-08-13,0.0005992496276317379,0.0171
2024-08-14,0.003446638336159619,0.0032
2024-08-15,0.0028212203662360442,0.0179
2024-08-16,0.002950817868164864,0.0024
2024-08-19,0.003241918587432338,0.01
2024-08-20,0.003952678868217601,-0.0029
2024-08-21,0.003038675412229119,0.0053
2024-08-22,0.002569050402280108,-0.0093999999999999
2024-08-23,0.0009058737750753518,0.0131
2024-08-26,0.00020449607491377318,-0.0032
2024-08-27,0.0007945928045080741,0.0007
2024-08-28,0.0007545776762973712,-0.0064
2024-08-29,-0.0003273385751306161,0.0009
2024-08-30,-1.456784684658948e-05,0.01
2024-09-03,-0.0011526960802588733,-0.0223999999999999
2024-09-04,-0.0020679898435813637,-0.002
2024-09-05,-0.0019211907955374423,-0.0029
2024-09-06,-0.001362905030573596,-0.018
2024-09-09,0.00011089881710065845,0.0111
2024-09-10,-0.00021451861612130287,0.0042
2024-09-11,0.0005551217554437742,0.0106
2024-09-12,-0.0012062668570333346,0.0082
2024-09-13,-0.0005097317958785279,0.0072
2024-09-16,0.00014656046770694924,0.0018
2024-09-17,0.0007056307533153622,0.001
2024-09-18,0.0004491732155332015,-0.0023
2024-09-19,0.0006918134999311118,0.0179
2024-09-20,0.001907381018750762,-0.0024
2024-09-23,0.0019965378957872747,0.0023
2024-09-25,0.0018365510655312493,-0.0026999999999999
2024-09-26,0.00246408291913144,0.0045
2024-09-27,0.0027728954792972096,-0.0006999999999999
2024-09-30,0.0025447116335124906,0.0038
2024-10-02,0.0011795376869182628,0.0002
2024-10-03,0.00039081641077012554,-0.0021
2024-10-04,0.0014993500069971901,0.0105
2024-10-07,-0.00012165086507124974,-0.0095
2024-10-08,-0.0010985048638903745,0.0089
2024-10-09,4.263380680123102e-05,0.0070999999999999
2024-10-10,0.0006672831781302883,-0.0018
2024-10-11,-0.0019814887043748002,0.0077
2024-10-14,0.016886994459740554,0.0072
2024-10-15,0.00034457433940038155,-0.0069999999999999
2024-10-16,0.0005299965185931044,0.0054
2024-10-17,0.001027518341099219,-0.0003
2024-10-18,-0.0011478803957248272,0.0038
2024-10-21,-0.001357438945732073,-0.0026999999999999
2024-10-22,-0.0021534414991543935,-0.0009
2024-10-23,-0.0014911221533233585,-0.0095
2024-10-24,-0.0020182199720783093,0.0031
2024-10-25,-0.0018571163845733914,-0.0006
2024-10-28,-0.0025877781241605163,0.004
2024-10-29,-0.0015506838499251938,0.0017
2024-10-30,-0.0013457882505142056,-0.003
2024-10-31,-0.0012500050899439366,-0.0178
2024-11-01,-0.001443047927652547,0.0049
2024-11-04,-0.00013780112239786103,-0.0025
2024-11-05,-0.002143025970877089,0.0132
2024-11-06,0.0024943787622678814,0.0293
2024-11-07,-0.0013415742147445749,0.0068
2024-11-08,-0.0009570433882675223,0.0045
2024-11-11,-0.0012674956831657822,0.0034
2024-11-12,-0.002279572654349871,-0.0036
2024-11-13,-0.0009476301920300877,-0.001
2024-11-14,-0.0009958669815389241,-0.0069
2024-11-15,-0.0014656918095893342,-0.0136
2024-11-18,0.0005736050571811339,0.0043
2024-11-19,-0.001847956098219152,0.0051
2024-11-20,-0.00010801010432088008,0.0006
2024-11-21,-0.00024072363881053667,0.0067
2024-11-22,-0.0016527474234107494,0.0055
2024-11-25,-0.0014971114818302562,0.0043
2024-11-26,-0.0017089678057374963,0.0044
2024-11-27,-0.001692579150284452,-0.0038
2024-11-29,-0.0018684308070213167,0.0056
2024-12-02,-0.0011269433706220275,0.0025
2024-12-03,-0.0013494716191266051,0.0006
2024-12-04,-0.004461415494558285,0.0072
2024-12-05,-0.005153937481265091,-0.0026
2024-12-06,-0.0032467071983266933,0.0037
2024-12-09,-0.0020187424865770296,-0.0070999999999999
2024-12-10,-0.00033396780011950674,-0.0034
2024-12-11,-0.0005254224703647841,0.0089
2024-12-12,0.001889855283956049,-0.006
2024-12-13,0.001944032016567808,-0.0003
2024-12-16,0.001993196443581248,0.0048
2024-12-17,0.00011143635918978465,-0.0046999999999999
2024-12-18,7.764859292570274e-05,-0.0315
2024-12-19,0.0006677688631404518,-0.001
2024-12-20,0.00012063932236656432,0.0109
2024-12-23,-0.002445992735880536,0.0063
2024-12-24,-0.0009149348248466936,0.0113
2024-12-26,-0.001173384410031038,0.0003
2024-12-27,-0.0015407993649141504,-0.0115
2024-12-30,0.00031885262053530625,-0.0107
2024-12-31,0.00032883390249372076,-0.0044
2025-01-02,-0.0009311705439786727,-0.0014
2025-01-03,-0.001343937766402883,0.0136
2025-01-06,-0.0028853493457972196,0.0057
2025-01-07,-0.0026577534457478368,-0.0116
2025-01-08,-0.0016685312420521945,0.0012
2025-01-10,-0.0022824208496406173,-0.0153
2025-01-13,0.0007572716442549946,0.0013999999999999
2025-01-14,0.0015673744887578596,0.0019
2025-01-15,0.000805008039117121,0.0192999999999999
2025-01-16,-0.001307769108355007,-0.0017
2025-01-17,0.0006281416941350385,0.0098
2025-01-21,-0.0006774193747085355,0.0098
2025-01-22,-0.0006547510643801753,0.0056
2025-01-23,-0.0022306624825243915,0.005
2025-01-24,-0.00307803738948131,-0.0025
2025-01-27,-0.0017057474673097717,-0.0147
2025-01-28,-0.002509904252399344,0.0094
2025-01-29,-0.0020583837165717564,-0.004
2025-01-30,-0.0026768265999005253,0.006
2025-01-31,-0.002151814874299806,-0.0051
2025-02-03,-0.001689674427318183,-0.008
2025-02-04,-0.0019221299340673598,0.0079
2025-02-05,-0.0015732402646826435,0.0041
2025-02-06,-0.002913466732958737,0.0031
2025-02-07,-0.002401662765694889,-0.0096
2025-02-10,-0.0026990744603598415,0.0068
2025-02-11,-0.0012502590695867982,-0.0012
2025-02-12,-0.001987952447512738,-0.0029
2025-02-13,0.000411044591419055,0.0112
2025-02-14,-6.608015609523319e-05,0.0004
2025-02-18,0.001498577648632408,0.0027
2025-02-19,0.0028491256493286036,0.0011
2025-02-20,0.0034215883533144057,-0.0059
2025-02-21,0.001227260858952208,-0.0187999999999999
2025-02-24,0.0006090798638212669,-0.0055
2025-02-25,0.00026671852372025227,-0.0055999999999999
2025-02-26,0.0005946236606755415,0.0004
2025-02-27,-8.368673920031465e-05,-0.0163
2025-02-28,0.000528084657581364,0.0161
2025-03-03,0.000962121042677011,-0.019
2025-03-04,0.0002450344172170347,-0.0125
2025-03-05,0.0005734129353894649,0.0118
2025-03-06,-0.007354163163883879,-0.019
2025-03-07,-0.003613310440099413,0.0049
2025-03-10,0.0008957486721600115,-0.0288
2025-03-11,0.001520292879698575,-0.0060999999999999
2025-03-12,0.0015462911875845195,0.0053
2025-03-13,0.001534864649373709,-0.0147
2025-03-14,0.0013751856268367734,0.0223
2025-03-17,0.0014563236404477027,0.0074
2025-03-18,0.0021393962973472796,-0.0110999999999999
2025-03-19,0.001566758728653628,0.0121999999999999
2025-03-20,0.00034805937947974945,-0.0022
2025-03-21,0.000593425156225595,0.001
2025-03-24,-0.0007697288202771367,0.0195
2025-03-25,-0.0015820357509497176,0.0013999999999999
2025-03-26,-0.00035031623010208266,-0.012
2025-03-27,-0.001219099779346661,-0.004
2025-03-28,2.1731328671331036e-05,-0.0204999999999999
2025-03-31,0.0013087676746349327,0.0041
2025-04-01,0.0026940268208232973,0.0042
2025-04-02,0.001217870064675509,0.0083
2025-04-03,0.003155294785732247,-0.0511
2025-04-04,0.0038898148349983397,-0.059
2025-04-07,0.0026750524855383337,-0.0021
2025-04-08,0.0033777721911468894,-0.0165
2025-04-09,0.0018982014586658583,0.0967
2025-04-10,-0.0010248753917240876,-0.0352
2025-04-11,-0.002524939208075354,0.0178
2025-04-14,-0.002368158581863201,0.0081
2025-04-15,-0.0003060185167622816,-0.0012
2025-04-16,-0.002082161187900765,-0.022
2025-04-17,-0.0012916828530553524,0.0024
2025-04-21,-0.0016649421197917039,-0.0237999999999999
2025-04-22,-0.00011085778188056771,0.0258
2025-04-23,0.0003775430174203447,0.0177
2025-04-24,0.0007293901785894876,0.0216
2025-04-25,-6.372867909518033e-05,0.0066
2025-04-28,0.00016869757753200916,0.001
2025-04-29,-0.00028377813840241295,0.006
2025-04-30,0.00033870178064460284,0.0005
2025-05-01,0.0009312983471003448,0.0060999999999999
2025-05-02,0.0013011052866418922,0.0158
2025-05-05,0.0015827105566686404,-0.0064
2025-05-06,0.0013411883393310926,-0.0079
2025-05-07,0.05013289928299309,0.0042
2025-05-08,0.0011506513265441554,0.0076
2025-05-09,-0.00014607176761910788,-0.0006999999999999
2025-05-12,0.0013932617253988701,0.0338
2025-05-13,0.002188549662711763,0.0081
2025-05-14,0.002078636117307479,0.001
2025-05-15,0.0016725844183679396,0.0032
2025-05-16,-0.0017640739285230158,0.0076
2025-05-19,-2.7547450051651297e-05,0.0003
2025-05-20,-0.002448247210481879,-0.0034999999999999
2025-05-21,-0.002313250628552193,-0.0171
2025-05-22,0.0004077228805206741,0.0001
2025-05-23,-0.0009860647797610307,-0.0065
2025-05-27,-0.0024621820119907108,0.0209
2025-05-28,-0.004069391240249277,-0.006
2025-05-29,-0.001335893915485166,0.0035
2025-05-30,-0.003921665997077233,0.0
2025-06-02,-0.0009168316302783086,0.004
2025-06-03,-0.0007756557396815861,0.0068
2025-06-04,-0.0020527501181672714,0.0
2025-06-05,-0.0008384077038753232,-0.0049
2025-06-06,-0.001325438520635802,0.0109
2025-06-09,0.004835173271566803,0.0013
2025-06-10,0.0016730453405437917,0.0052
2025-06-11,0.00033206493761298955,-0.003
2025-06-12,0.00039405058846837815,0.0032
2025-06-13,0.0037353372676856567,-0.0113
2025-06-16,0.006879930897145432,0.0098999999999999
2025-06-17,0.0069198017966953665,-0.0086
2025-06-18,0.001022455156631662,0.0005
2025-06-20,0.0020606208221396935,-0.002
2025-06-23,0.0013338768054914907,0.0095
2025-06-24,0.0004306735412262315,0.0118999999999999
2025-06-25,0.00015610045469934152,-0.0005
2025-06-26,0.00032063695911796627,0.009
2025-06-27,-0.0007506916917732144,0.0048
2025-06-30,-7.075694213895958e-05,0.0051
2025-07-01,0.0005873836031630752,-0.0008
2025-07-02,0.01836772105407995,0.0058
2025-07-03,0.0022725465511702126,0.009
2025-07-07,-0.0003707398445102657,-0.0081999999999999
2025-07-08,0.00020543491838686276,-0.0006
2025-07-09,9.974121953887438e-05,0.0065
2025-07-10,0.00017439984369024792,0.0026
2025-07-11,0.0005842776795251325,-0.0042
2025-07-14,-0.0003681823208040965,0.0023
2025-07-15,-0.003111805467558155,-0.005
2025-07-16,-0.0005836224455608776,0.004
2025-07-17,0.00020535101206946237,0.0060999999999999
2025-07-18,0.0007159764293488648,0.0
2025-07-21,0.00014021851740923894,0.0007
2025-07-22,-0.001580542947738896,0.001
2025-07-23,0.017088594025040964,0.0079
2025-07-24,0.00016197285761858978,-0.0001
2025-07-25,-0.002086751986519374,0.0042
2025-07-28,-0.004250842517690857,0.0006
2025-07-29,-0.001581634710471723,-0.0034999999999999
2025-07-30,-0.0016763180206126281,-0.0009
2025-07-31,-0.00016856962332026227,-0.0032
2025-08-01,-0.0017639974556820771,-0.0172
2025-08-04,-0.0037606113250923698,0.0155
2025-08-05,-0.003925748773985331,-0.004
2025-08-06,-0.0004471742969128053,0.0073
2025-08-07,0.0006477743059517121,-0.0012
2025-08-08,-0.0007598247516487987,0.0070999999999999
2025-08-11,-0.0009775160967607113,-0.0022
2025-08-12,-0.005935359605472502,0.0127
2025-08-13,-0.006503302257147739,0.0041
2025-08-14,-0.001987978689837633,-0.0006999999999999
2025-08-15,-0.007968213134678279,-0.0026
2025-08-18,-0.0007814968444161083,0.0005
2025-08-19,-0.0011034838334839478,-0.0069
2025-08-20,-0.0026330614066433066,-0.0026
2025-08-21,-0.0012641317480951292,-0.0036
2025-08-22,-0.0019143660522825108,0.0172
2025-08-25,-0.0027666640020877807,-0.0046
2025-08-26,-0.00014792985414260846,0.0045
2025-08-27,-0.0017736132173976319,0.0026
2025-08-28,-0.002805710994258458,0.0037
2025-08-29,-0.0003947397269954897,-0.0066
2025-09-02,-0.002248852578202636,-0.0059
2025-09-03,-0.003106460802900209,0.0046
2025-09-04,-0.0016694712370766635,0.0089
2025-09-05,0.0005258091704917062,-0.002
2025-09-08,0.00017752729954254262,0.0028
2025-09-09,-0.0013103330538494788,0.0023
2025-09-10,0.00020395739757027762,0.0038
2025-09-11,-0.0014034023852674438,0.0088
2025-09-12,-0.002242000853151018,-0.0014
2025-09-15,0.00564733867918186,0.0053
2025-09-16,-0.0010670809934398146,-0.0006999999999999
2025-09-17,-4.4526633567784635e-05,-0.0008
2025-09-18,-0.008485449116097653,0.0062
2025-09-19,0.0005787297387704459,0.004
2025-09-22,0.002601634665889684,0.0045
2025-09-23,0.0019712820262455483,-0.0059
2025-09-24,0.0003678569252044187,-0.0032
2025-09-25,0.0011688605099851408,-0.0055999999999999
2025-09-26,0.0009900851182954584,0.0062
2025-09-29,0.00016545056973712096,0.0027
2025-09-30,-0.00022764989248284461,0.0031
