Date,FVOL,CRSP Market
2018-05-22,0.0009227489955536745,-0.0040999999999999
2018-05-23,0.0011780370250358042,0.003
2018-05-24,0.0012427457385971305,-0.0015
2018-05-25,0.00023875389041342018,-0.0021
2018-05-29,-0.001930775634564207,-0.0102
2018-05-30,-0.002215325394201032,0.0132
2018-06-01,-0.003820266937305284,0.0107
2018-06-04,-0.003771034028799248,0.0049
2018-06-05,-0.0033597953204538137,0.0017
2018-06-06,-0.003222514663084993,0.0087
2018-06-07,-0.002823223692957259,-0.0013
2018-06-08,-0.0037370334464768267,0.0032
2018-06-11,-0.0021751394946679654,0.0013
2018-06-12,-0.0014850748582084475,0.0024
2018-06-13,-0.001944405536103513,-0.0032
2018-06-14,-0.0018640049490746661,0.0029
2018-06-15,-0.0029657154940218537,-0.0006
2018-06-18,-0.0020272276576260477,-0.0008
2018-06-19,-0.0023509597664676334,-0.0037
2018-06-20,-0.0021876655656604613,0.0024
2018-06-21,-0.0020485100359821347,-0.0072
2018-06-22,0.0003404663794322211,0.0012
2018-06-25,0.0003934295195110932,-0.0147
2018-06-26,0.0005949230627880153,0.0028
2018-06-27,0.0003740676494707811,-0.0101
2018-06-28,0.00041285157509625815,0.0059
2018-06-29,0.00017389673884702576,0.0006999999999999
2018-07-02,0.0004592480859219163,0.0037
2018-07-03,-0.04576125853365846,-0.0043
2018-07-05,-0.051211553966623184,0.0088
2018-07-06,-0.002274160689053917,0.0089
2018-07-09,-0.0005560814434747042,0.0094
2018-07-10,-0.0010162393068303595,0.0022
2018-07-11,-0.00014700857211637892,-0.0069
2018-07-12,0.0003975286072153011,0.0086
2018-07-13,-0.0009589631396483427,0.0009
2018-07-16,-0.0002557063055947246,-0.0015
2018-07-17,-0.0013817277127616484,0.0049
2018-07-18,-0.0006222048040385616,0.0027
2018-07-19,-0.0010059154796287079,-0.0033
2018-07-20,-0.0010065829523001398,-0.0009
2018-07-23,-0.0006147695658373966,0.0017
2018-07-24,0.00035498453056609966,0.0023
2018-07-25,5.061647445567715e-05,0.0084
2018-07-26,0.00011531474322129165,-0.002
2018-07-27,0.0003773916144285845,-0.0081
2018-07-30,-0.0002260430966400361,-0.0069
2018-07-31,-0.0008870186447125976,0.0052
2018-08-01,-0.0002275469823300134,-0.0012
2018-08-02,2.2551971258701837e-05,0.0068
2018-08-03,-0.0006392371232145728,0.0032
2018-08-06,0.00010107441741002437,0.0047
2018-08-07,-0.00013995178401110994,0.003
2018-08-08,-0.00027321796990249585,-0.0003
2018-08-09,-0.0005512686583071928,-0.0004
2018-08-10,-0.00013741737111283589,-0.0059
2018-08-13,0.000626661435733328,-0.0045
2018-08-14,0.00031789100433794254,0.0069999999999999
2018-08-15,-0.00013898586574124068,-0.009
2018-08-16,-0.00019443104946227486,0.0087
2018-08-17,-0.0012634207456157383,0.0031
2018-08-20,-0.0006205364818417546,0.0026
2018-08-21,-0.0004796842362467784,0.0034
2018-08-22,-0.00024795022498709616,0.0006
2018-08-23,7.038487040541067e-05,-0.0018
2018-08-24,-0.00011485972970675186,0.0063
2018-08-27,2.1463778749407185e-05,0.0075
2018-08-28,0.0007601847507655872,0.0
2018-08-29,0.0012665538638153354,0.0057
2018-08-30,0.0009075630840241003,-0.004
2018-08-31,4.180687897313997e-05,0.0009
2018-09-04,0.00031459457557342114,-0.001
2018-09-05,0.0005310772172563242,-0.004
2018-09-06,0.0005698877916634266,-0.0043
2018-09-07,0.00048186440727234593,-0.0017
2018-09-10,-0.0005693758981555473,0.0024
2018-09-11,0.0002298470212881393,0.0038
2018-09-12,-0.000511471650728503,0.0004
2018-09-13,0.0010460599128705441,0.0046
2018-09-14,0.0006978255883210954,0.0013
2018-09-17,0.00030537026418438196,-0.0070999999999999
2018-09-18,-0.00012884760574788224,0.0058
2018-09-19,0.000264370361804745,0.0006
2018-09-20,0.000182535020838361,0.0078
2018-09-21,3.0275621931030727e-05,-0.0012
2018-09-24,-0.0007644978075685241,-0.003
2018-09-25,-0.0011884231814720458,-0.0004
2018-09-26,-0.0007735137218603882,-0.0039
2018-09-27,-0.0014244790784156368,0.0028
2018-09-28,-0.00046746096542683396,-0.0001999999999999
2018-10-01,-0.001293043967340709,0.0017
2018-10-02,-0.0011095469137106702,-0.002
2018-10-03,-0.001421789199523685,0.0021
2018-10-05,-0.00017959771323647653,-0.0063
2018-10-08,-9.356110527350337e-05,-0.0017
2018-10-09,0.00011469273307677979,-0.0017
2018-10-10,0.0007193795289361193,-0.0332
2018-10-11,-0.0011343081544176374,-0.0195
2018-10-12,-0.0033169638022139836,0.0139999999999999
2018-10-15,-0.0036232385205110557,-0.0046999999999999
2018-10-16,-0.003539759753275166,0.0226
2018-10-17,-0.002712768089181952,-0.0008
2018-10-18,-0.0026760416994011994,-0.0153
2018-10-19,-0.0028190713425746434,-0.0023
2018-10-22,-0.003229616329604289,-0.0037
2018-10-23,-0.0024675981955657946,-0.0060999999999999
2018-10-24,-0.0034142739197985314,-0.0332
2018-10-25,-0.0018452410761589928,0.0194
2018-10-26,-0.0028243294988344087,-0.0163999999999999
2018-10-29,-0.0013751225332417115,-0.0075
2018-10-30,-0.0009013303535147785,0.0167
2018-10-31,-0.0013400348651535995,0.0121999999999999
2018-11-01,-0.0005851293859016362,0.013
2018-11-02,-0.0002814396677242777,-0.0052
2018-11-05,-0.001284688851812457,0.0041
2018-11-06,-0.0012708643165412511,0.0058
2018-11-07,-0.0005901732176760757,0.0213
2018-11-08,-0.001451661589691881,-0.0027
2018-11-09,-0.00032644641054723,-0.0103
2018-11-13,0.00013153299033062053,-0.0012
2018-11-14,0.0010140459938117324,-0.0077
2018-11-15,-0.0005579347846241348,0.0118999999999999
2018-11-16,3.7716179720327493e-06,0.0016
2018-11-19,0.000938613749471761,-0.0186999999999999
2018-11-20,4.6303736942109814e-05,-0.0184
2018-11-21,-0.0008160928408888614,0.0052
2018-11-23,-0.0015843145001769787,-0.0054
2018-11-26,-0.0008711957580757138,0.0163
2018-11-27,-4.448233150808797e-05,0.0012
2018-11-28,0.00017443554007150043,0.0243
2018-11-29,-4.2246089910073624e-05,-0.0021
2018-11-30,0.0001324043671996252,0.008
2018-12-03,0.00016969824392614987,0.0113999999999999
2018-12-04,0.0009410476859837216,-0.0345
2018-12-06,0.0010613139663715344,-0.0015
2018-12-07,0.0020921363746943577,-0.0235
2018-12-10,0.0023331289353342947,0.0011
2018-12-11,0.0012374663354574674,-0.0007
2018-12-12,0.00011529214526536403,0.0069
2018-12-13,0.00032208824567065325,-0.0025
2018-12-14,0.0018504654713779748,-0.0187999999999999
2018-12-17,0.003453213280754014,-0.0212
2018-12-18,0.0046450126407714,-0.0001999999999999
2018-12-19,0.0019422630231861393,-0.0157
2018-12-20,0.003606600600572177,-0.0161
2018-12-21,0.002062264086704716,-0.0215
2018-12-24,0.0009560364182574715,-0.0254
2018-12-26,0.0025001694427646023,0.0508
2018-12-27,0.0024090514661362934,0.0079
2018-12-28,0.0008928275813800741,-0.0001999999999999
2019-01-02,0.002987944249070562,0.0023
2019-01-03,0.0015051094753949594,-0.0244
2019-01-04,5.361287984996213e-05,0.0355999999999999
2019-01-07,-0.001004911706286878,0.0095
2019-01-08,-0.00119144768888873,0.0102
2019-01-09,-0.0015123920847228774,0.0053
2019-01-10,0.00037328986301369177,0.0041
2019-01-11,-0.0019822772873567796,0.0001
2019-01-14,-0.0017690945104313705,-0.0059
2019-01-15,-0.0008995142539578511,0.0106
2019-01-16,0.0003001178688469182,0.0029
2019-01-17,0.0005337876131024778,0.0079
2019-01-22,-0.0003450214178222052,-0.0151
2019-01-23,0.00012580767549959547,0.0017
2019-01-24,-0.00011083279636470772,0.0024
2019-01-25,-0.00046176456423897686,0.0091
2019-01-28,0.00027523403968512787,-0.0079
2019-01-29,-0.00026618497933287823,-0.0018
2019-01-30,5.754574580894999e-07,0.0152
2019-01-31,0.0005588000794289331,0.0092
2019-02-01,0.0005137864430846568,0.0014
2019-02-04,0.0006307402725889067,0.0074
2019-02-05,0.001041274449302336,0.0044
2019-02-06,0.0012016456356888396,-0.002
2019-02-07,0.0015482345823366243,-0.0092
2019-02-08,0.001694834153592223,0.0011
2019-02-11,0.0021769307360001862,0.0015
2019-02-12,0.0019874832206676096,0.0137
2019-02-13,0.002702462190465989,0.0029
2019-02-14,0.001603969806389678,-0.0019
2019-02-15,0.0022161591229646494,0.0113999999999999
2019-02-19,0.00162412115383229,0.002
2019-02-20,-0.0006759831471875955,0.002
2019-02-21,-0.0015777161404124703,-0.0036
2019-02-22,-0.0006196536745075491,0.0066
2019-02-25,0.00014301920841946708,0.0016
2019-02-26,-0.00031002787515625854,-0.0015
2019-02-27,0.0004343590352673077,0.0011
2019-02-28,0.0004670290698173555,-0.003
2019-03-01,-0.00024264271041730614,0.0073
2019-03-04,-0.00021861686440884855,-0.0051
2019-03-05,-6.867093469938602e-05,-0.0016
2019-03-06,-0.000984884394789684,-0.0083
2019-03-07,-0.0007444819070788269,-0.0081
2019-03-08,-0.001835985524797019,-0.0021
2019-03-11,-0.0014808062246502286,0.015
2019-03-14,-0.0008092979474905904,-0.0009
2019-03-15,-0.0004722573452842027,0.0049
2019-03-18,-9.662552062607993e-06,0.0047
2019-03-19,0.000609937413124789,-0.0008
2019-03-20,0.00028165291416987665,-0.0036
2019-03-21,0.0008733871101226687,0.0111
2019-03-22,0.0017531301478758445,-0.0216
2019-03-25,0.0016416089881699846,-0.0004
2019-03-26,0.0015712012026940835,0.0077
2019-03-27,0.0019236074242800479,-0.0049
2019-03-28,0.001675920642490367,0.0041
2019-03-29,0.0026784709602812396,0.0067
2019-04-01,0.00011523252549753691,0.012
2019-04-02,0.0010220973806290366,-0.0004
2019-04-03,0.0024423565402231988,0.0028
2019-04-04,0.002104795537509446,0.002
2019-04-05,0.0028063527927808477,0.0054
2019-04-08,0.0028672325887740876,0.0009
2019-04-09,0.002172485444910906,-0.0064
2019-04-10,0.0009003979056989835,0.0049
2019-04-11,0.0014462063538080588,0.0001
2019-04-12,0.003030515413327866,0.0065
2019-04-15,0.0033312671118088826,-0.0008
2019-04-16,0.0046383107244767074,0.0014
2019-04-17,0.0025105908912623895,-0.0031
2019-04-18,0.0038749352318538763,0.0012
2019-04-22,0.0012029947991105657,0.0012
2019-04-23,-0.0013065113427563725,0.0098
2019-04-24,5.365673847353764e-05,-0.0021
2019-04-25,0.0011579455724245963,-0.0013
2019-04-26,0.0003631555094609904,0.0054
2019-04-29,0.0008645255327223086,0.0019
2019-04-30,0.0009452227423029592,-0.0003
2019-05-01,0.0014943709103820725,-0.0081999999999999
2019-05-02,-5.0473493759784554e-05,-0.0015
2019-05-03,-5.965785047624575e-05,0.0113999999999999
2019-05-06,0.00041147646435584867,-0.0038
2019-05-07,0.0010342189447514463,-0.0168
2019-05-08,0.0014141107802502148,-0.002
2019-05-09,0.000990681043084057,-0.0027
2019-05-10,0.002241952994099631,0.0036
2019-05-13,0.001292097776053863,-0.0264
2019-05-14,0.0004951807979337824,0.0092
2019-05-15,0.0007147525213746478,0.0059
2019-05-16,0.0010903654477887523,0.0092
2019-05-17,0.0016052490329659193,-0.0069999999999999
2019-05-20,0.0015976924246021973,-0.0064
2019-05-21,0.0015402006374720912,0.0091
2019-05-22,0.0014194769793768156,-0.0039
2019-05-23,8.309997980382301e-05,-0.0136
2019-05-24,0.0002545010442326834,0.0024
2019-05-28,-0.00012330439335806237,-0.0077
2019-05-29,0.0006007511599069796,-0.0069999999999999
2019-05-30,0.0005686877853723403,0.0015
2019-05-31,-0.0003834122353592518,-0.0136
2019-06-03,0.0003897505046441548,-0.0039
2019-06-04,0.0009785745712835967,0.0232999999999999
2019-06-05,0.00023770343652128323,0.0070999999999999
2019-06-06,4.195589097538699e-05,0.0056
2019-06-07,0.0015850660098297034,0.0105
2019-06-10,0.0022704930458535932,0.0055
2019-06-11,0.0021309493397557947,-0.0011
2019-06-12,0.0018573210011107405,-0.0019
2019-06-13,0.0010595864500657786,0.0053
2019-06-14,0.0007205237029411427,-0.0026
2019-06-17,0.001153164283761122,0.0016
2019-06-18,0.0012098519727043117,0.0105
2019-06-19,0.0008163623423362167,0.0033
2019-06-20,0.0011566251344426552,0.009
2019-06-21,0.0012521681886535,-0.002
2019-06-24,0.0016484823103771304,-0.0034
2019-06-25,0.0013217433385846874,-0.0097
2019-06-26,0.0020100947933958,-0.0006
2019-06-27,0.002601939755957048,0.006
2019-06-28,0.0016853746528440068,0.0069
2019-07-01,0.0013932505445089793,0.0076
2019-07-02,0.0020059100775365398,0.0015
2019-07-03,0.0017650351199779554,0.008
2019-07-05,0.0019506056276614972,-0.0009
2019-07-08,0.0020082791780040308,-0.0056999999999999
2019-07-09,0.0024652753444980354,0.002
2019-07-10,0.002021591311958244,0.0041
2019-07-11,0.0026406423498905774,0.002
2019-07-12,0.0038888560189610766,0.0054
2019-07-15,0.003254191467498874,-0.0004
2019-07-16,0.004016953505603296,-0.0031
2019-07-17,0.0024609575738733843,-0.0063
2019-07-18,0.002339566158839081,0.0036
2019-07-19,0.00260674833419359,-0.0055999999999999
2019-07-22,0.002875604424821688,0.0026
2019-07-23,0.0022968434580028538,0.0065
2019-07-24,0.00394931236606624,0.0067
2019-07-25,0.003399617675080011,-0.0062
2019-07-26,0.003304227213952999,0.0083
2019-07-29,0.004776734099676245,-0.0031
2019-07-30,0.00525991196049256,-0.0016
2019-07-31,0.0063612216638086316,-0.0109
2019-08-01,0.00488277352993919,-0.0103
2019-08-02,0.002863467183138141,-0.0086
2019-08-05,0.002672602115695388,-0.0306
2019-08-06,0.0005336379264242367,0.013
2019-08-07,0.000549909191840976,0.0008
2019-08-08,-0.0006092820726985031,0.0197999999999999
2019-08-09,-0.002371829552594554,-0.0077
2019-08-12,-0.0031243226372361637,-0.013
2019-08-13,-0.00208311630382349,0.0148
2019-08-14,-0.0024297457251268614,-0.0294
2019-08-15,-0.005375598409148262,0.0018
2019-08-16,-0.0042944579469856485,0.0156
2019-08-19,-0.0025499008569449,0.0115
2019-08-20,-0.0022929965098981687,-0.0074
2019-08-21,-0.0023566024459366125,0.0086
2019-08-22,-0.0012912988114588786,-0.0009
2019-08-23,-0.0024393541889925425,-0.0265
2019-08-26,-0.0010630288701903277,0.0109
2019-08-27,-0.0009564907873433384,-0.0045
2019-08-28,-0.0022029726595381837,0.0069
2019-08-29,-0.0024869115556922037,0.0136
2019-08-30,-0.0028456479749010433,0.0004
2019-09-03,-0.0027596992257121534,-0.0085
2019-09-04,-0.0012957955289411077,0.0109
2019-09-05,0.0007544348484389072,0.0143
2019-09-06,-0.0009391310147658558,-0.0001
2019-09-09,0.001287058494114111,0.0008
2019-09-10,0.002432265293582146,0.0017
2019-09-11,0.0022921505810058773,0.0088
2019-09-12,0.0004390309656269819,0.0023
2019-09-13,-0.00014220089239767555,-0.0001
2019-09-16,0.000608314814127272,-0.0022
2019-09-17,0.00042816763575406525,0.0018
2019-09-18,0.0003630829886166213,-0.0003
2019-09-19,0.0003499458815984112,-0.0004
2019-09-20,0.0005814940339704764,-0.0046999999999999
2019-09-23,0.0008602066961014916,-0.0001
2019-09-24,0.000818569074471465,-0.0098999999999999
2019-09-25,0.000802603620524703,0.0069999999999999
2019-09-26,0.00012304833719677382,-0.0039
2019-09-27,0.0005140764825810998,-0.0060999999999999
2019-09-30,-0.0014043916760877351,0.0051
2019-10-01,0.0013010654537248126,-0.013
2019-10-02,0.0015626399820087905,-0.0172
2019-10-03,0.0020486643874294535,0.0081
2019-10-04,-0.0029782079838108124,0.0139999999999999
2019-10-07,-0.002375605869574113,-0.004
2019-10-08,-0.002992583766405635,-0.016
2019-10-09,-0.0013622004464199505,0.0093
2019-10-10,-0.0014634491063342803,0.0060999999999999
2019-10-11,0.001333403495607363,0.0124
2019-10-14,0.003161777811581888,-0.0017
2019-10-15,0.0011519188688134127,0.0104
2019-10-16,0.0011975152510158178,-0.0023
2019-10-17,0.0006996965230378865,0.0038
2019-10-18,0.0008137942730434054,-0.0048
2019-10-21,0.0006529413506064373,0.0072
2019-10-22,0.0003367303460407552,-0.0033
2019-10-23,0.00045202466091138756,0.0026
2019-10-24,-0.0002918939129798613,0.0026
2019-10-25,0.00048685915848666246,0.0051
2019-10-28,0.0005497977033914821,0.0063
2019-10-29,0.0004958524214752208,-0.0012
2019-10-30,-0.0006932608937204992,0.0029
2019-10-31,-0.000617048750155444,-0.0037
2019-11-01,-0.0009467931689619861,0.0108
2019-11-04,-0.0008867881886248999,0.004
2019-11-05,-0.0005044070338204725,-0.0001999999999999
2019-11-06,0.0003996448546437646,-0.0004
2019-11-07,0.00047868038616739113,0.0039
2019-11-08,0.0005946841550261145,0.0032
2019-11-11,-0.0004992814632493582,-0.0018
2019-11-12,-0.0008649540638187785,0.0017
2019-11-13,-0.00023321190845907816,0.0002
2019-11-14,-0.00012468654693447882,0.0008
2019-11-15,-6.064771606810074e-05,0.0075
2019-11-18,-0.0003046612446157683,0.0004
2019-11-19,-0.0007285217293726229,0.0003
2019-11-20,-0.00145509793982115,-0.0032
2019-11-21,-0.0012018508320824758,-0.0013999999999999
2019-11-22,-0.0003421085013682555,0.0025
2019-11-25,1.5333711631904728e-05,0.0093
2019-11-26,-0.0010964014903797799,0.002
2019-11-27,-0.0017063739531495657,0.0045
2019-11-29,-0.0024949551472696835,-0.0040999999999999
2019-12-02,-0.004020274147813468,-0.0086
2019-12-03,-0.004412350691196626,-0.0065
2019-12-04,-0.003645893985922657,0.0060999999999999
2019-12-05,-0.004086012714795536,0.0014
2019-12-06,-0.003005764025543684,0.0092
2019-12-09,-0.00172243245490093,-0.0032
2019-12-10,-0.0018483806115980035,-0.0007
2019-12-11,-0.001151748001876678,0.0029
2019-12-12,-0.000789817104924181,0.0091
2019-12-13,0.0001827160446360682,-0.0001999999999999
2019-12-16,8.412380588017971e-06,0.0075
2019-12-17,0.0005318776076799396,0.0011
2019-12-18,0.0006961213207581833,-0.0004
2019-12-19,0.000686815933910683,0.0044
2019-12-20,0.0013727135955969281,0.0049
2019-12-23,0.001854700226525832,0.0011
2019-12-24,0.0024626925108242287,0.0002
2019-12-26,0.003127480349375352,0.005
2019-12-27,0.0026088480343927655,-0.0008
2019-12-30,0.0015418588975711113,-0.0055999999999999
2019-12-31,0.0008069376329734092,0.0029
2020-01-02,0.002089234869968598,0.0087
2020-01-03,0.003796941446802819,-0.0066
2020-01-06,0.002301745542807843,0.0037
2020-01-07,0.0033370844616563344,-0.0018
2020-01-08,0.0037930566627354095,0.0048
2020-01-09,0.00295480455263882,0.0066
2020-01-10,0.003039235162576536,-0.0033
2020-01-13,0.0022257794205770547,0.0074
2020-01-14,0.0010976947938760747,-0.0005
2020-01-15,0.0011844796780851432,0.0017
2020-01-16,0.002250542700176206,0.0089
2020-01-17,0.003714464339397817,0.0029
2020-01-21,0.002374481221658518,-0.0031
2020-01-22,0.001548346377859623,0.0009
2020-01-23,0.0004481421689452133,0.0009
2020-01-24,0.0009838046473740457,-0.0096
2020-01-27,-0.00037379967887014404,-0.0155
2020-01-28,-0.0019560654350328993,0.0103
2020-01-29,-0.0013314259740660164,-0.001
2020-01-30,-0.0018694867807630912,0.0035
2020-01-31,-0.0016004798147680127,-0.0173
2020-02-03,-0.0020285303501397203,0.0085
2020-02-04,-0.0017642158586428864,0.0158
2020-02-05,-0.002714320392157851,0.0098
2020-02-06,-0.0023203659891046103,0.0028
2020-02-07,-0.000990631724033504,-0.0054
2020-02-10,-0.0018527161824807323,0.0074
2020-02-11,-0.0020555266929145454,0.0028
2020-02-12,-0.003352433925943205,0.0067
2020-02-13,-0.0023293739553906173,-0.0008
2020-02-14,-0.0034448321729060316,0.0015
2020-02-18,-0.002366284309756069,-0.0018
2020-02-19,-0.004805032362846672,0.0060999999999999
2020-02-20,-0.0028737715576908937,-0.0034
2020-02-21,-0.0038403218799745297,-0.0111
2020-02-24,-0.00401019401097195,-0.0338
2020-02-25,0.0003038987671092465,-0.0308
2020-02-26,0.0023849299681166594,-0.0051
2020-02-27,0.0058076873186868145,-0.0421
2020-02-28,0.0036366774728111223,-0.0077
2020-03-02,-0.0022391371692499803,0.0431999999999999
2020-03-03,-0.001328313314291538,-0.0279
2020-03-04,-0.0038072056308118708,0.0404
2020-03-05,-0.003606280115162619,-0.0337
2020-03-06,-0.0010152977615478385,-0.0177
2020-03-09,0.004057427314364529,-0.0778
2020-03-10,0.0031459090695136194,0.0475
2020-03-11,0.0012172280076198161,-0.0504999999999999
2020-03-12,0.0022606377789065463,-0.0962
2020-03-13,0.00408235476841483,0.0899
2020-03-16,0.0027245017512254085,-0.12
2020-03-17,0.005204218448306014,0.0588999999999999
2020-03-18,-0.01027476757480384,-0.0555
2020-03-19,-0.0008095242447698153,0.0132
2020-03-20,-0.0035108086791179696,-0.0414
2020-03-23,-0.0005036952157978441,-0.0255
2020-03-24,-0.0028120771452728207,0.0935
2020-03-25,-0.0043701680629614275,0.0118
2020-03-26,-0.0044029882879338044,0.0604
2020-03-27,-0.0033799791283808203,-0.0347
2020-03-30,-0.0021537315498551136,0.0317999999999999
2020-03-31,-0.00030702219170890125,-0.0143
2020-04-01,-0.0028215940335182604,-0.045
2020-04-02,-0.0024196758252791944,0.021
2020-04-03,-0.003794928783798526,-0.0163999999999999
2020-04-06,-0.0017199645847134873,0.071
2020-04-07,-0.0006304303729279722,-0.0011
2020-04-08,0.00851767325600772,0.0342
2020-04-09,0.012174937151363644,0.0159
2020-04-13,0.010068947918974912,-0.0092
2020-04-14,0.005223793888093595,0.0302999999999999
2020-04-15,0.0047383474125968,-0.0215
2020-04-16,-0.0019776389730095933,0.0062
2020-04-17,0.005857677318681133,0.0273
2020-04-20,0.005682596022566076,-0.0157
2020-04-21,0.0037117889615199315,-0.0308999999999999
2020-04-22,-0.0007301353998916774,0.0231
2020-04-23,-0.00220356080140727,0.0012
2020-04-24,-0.005056628397432674,0.0143
2020-04-27,-0.0018559361863793682,0.0173
2020-04-28,-0.0008941669079212816,-0.0045
2020-04-29,0.0021339025770460034,0.0292
2020-04-30,0.0001185376496795389,-0.0118
2020-05-01,-0.0008299256811282555,-0.0291
2020-05-04,-0.0007670098422833517,0.0054
2020-05-05,0.001124674617266434,0.0095
2020-05-06,0.00016750846050231052,-0.0052
2020-05-07,-0.0017624770095775331,0.0133
2020-05-08,0.0018057511485913497,0.019
2020-05-11,0.0027120399965504926,0.0006
2020-05-12,0.0032937055698964465,-0.0207
2020-05-13,0.002878005581208953,-0.0189
2020-05-14,-0.0007404119560896822,0.0115
2020-05-15,-0.008426738949290429,0.0056999999999999
2020-05-18,-0.0029919435020359037,0.0324
2020-05-19,-0.012131132711267787,-0.0101
2020-05-20,-0.004035208510560449,0.018
2020-05-21,-0.0032515317643922984,-0.0070999999999999
2020-05-22,-0.0038443228013036474,0.0027
2020-05-26,-0.0015085268217248633,0.0123
2020-05-27,0.0003958816958934331,0.0154
2020-05-28,0.0014788467789848354,-0.0040999999999999
2020-05-29,0.0002574694596820927,0.0059
2020-06-01,-0.0003583328088470655,0.0051
2020-06-02,0.0020977494878804603,0.0081
2020-06-03,0.0031111322164814326,0.0141
2020-06-04,0.007404159737111802,-0.0034
2020-06-05,0.007942699739723783,0.025
2020-06-08,0.009952428217273884,0.0135
2020-06-09,0.007589217896200003,-0.0086
2020-06-10,0.00766038911551769,-0.0055
2020-06-11,0.010163581561163496,-0.0591
2020-06-12,0.010603087333175741,0.0129
2020-06-15,0.006606374629068597,0.0108
2020-06-16,0.00652523720978807,0.0187999999999999
2020-06-17,0.005852835282666896,-0.0040999999999999
2020-06-18,0.008285967208332164,0.0018
2020-06-19,0.005623749067677478,-0.0045
2020-06-22,0.007006272579982041,0.0070999999999999
2020-06-23,0.004848710961421764,0.0040999999999999
2020-06-24,0.0015301409164615093,-0.0262
2020-06-25,0.004540864294085342,0.0113
2020-06-26,0.0050130553891159875,-0.0243
2020-06-29,0.007268663148372656,0.015
2020-06-30,0.0072040528558473165,0.0158
2020-07-01,0.005714555498577812,0.0040999999999999
2020-07-02,0.00578710020208056,0.0051
2020-07-06,0.003449026012335003,0.0166
2020-07-07,0.0027978166529866485,-0.0101
2020-07-08,0.0013635095148814018,0.0089
2020-07-09,-0.00013961067428378611,-0.0054
2020-07-10,0.00011050358956206529,0.0111
2020-07-13,2.053156110242951e-05,-0.0118999999999999
2020-07-14,-0.0013847342174173173,0.0136
2020-07-15,-0.0012122716861939298,0.0113999999999999
2020-07-16,-0.0019823080036559682,-0.0038
2020-07-17,-0.00092034818997292,0.003
2020-07-20,-0.0006120224963187244,0.0103
2020-07-21,0.0010436511106170984,0.0015
2020-07-22,0.0015185158188142991,0.005
2020-07-23,0.0025089461609592834,-0.012
2020-07-24,-0.00029001506919571857,-0.0074
2020-07-27,-0.0005029144858371576,0.0088
2020-07-28,0.0009447717213274863,-0.0081
2020-07-29,-5.595645881157182e-05,0.0136
2020-07-30,-0.002161782714384276,-0.0029
2020-07-31,-0.0013978351821593601,0.0062
2020-08-03,-0.003757129705203811,0.0097
2020-08-04,-0.0033150473926019425,0.0037
2020-08-05,-0.002538729964056608,0.0078
2020-08-06,-0.0038600930799775595,0.0053
2020-08-07,-0.0008543961943273963,0.0002
2020-08-10,0.0014986588930881767,0.0023
2020-08-11,0.0023336355213399947,-0.0083
2020-08-12,0.002886482687022387,0.0139999999999999
2020-08-13,0.002119390027825802,-0.0002
2020-08-14,0.002240183611610349,-0.0004
2020-08-17,0.0006589199426078872,0.0045
2020-08-18,0.001254622061224372,0.0023
2020-08-19,0.0022513345176503456,-0.0038
2020-08-20,0.0017745854300589647,0.0031
2020-08-21,0.0011091421856209323,0.0026
2020-08-24,0.003158579151683793,0.0092
2020-08-25,0.0022870486722996316,0.0034999999999999
2020-08-26,9.24734649088918e-05,0.01
2020-08-27,0.0002940955971193042,0.0018
2020-08-28,0.0003772950493263853,0.0069999999999999
2020-08-31,-0.0002943994957346277,-0.0004
2020-09-01,0.00024552293388513505,0.0092
2020-09-02,0.0007658157152617891,0.0127
2020-09-03,0.00031529351358802515,-0.037
2020-09-04,-0.0014671128924735853,-0.0087
2020-09-08,0.001502346923092931,-0.0293
2020-09-09,0.001153616840513422,0.0207
2020-09-10,0.002604906018388301,-0.0163999999999999
2020-09-11,0.0004992619086114215,-0.0005
2020-09-14,-0.0007785793027730281,0.0158
2020-09-15,-0.0004445125995192085,0.0056999999999999
2020-09-16,-0.0007702134978965546,-0.004
2020-09-17,-0.0004916233394586599,-0.0085
2020-09-18,0.00016709256813106135,-0.0089
2020-09-21,0.0010537403418549986,-0.0107
2020-09-22,0.0006431373820626119,0.0101
2020-09-23,0.0016545601640928853,-0.0247
2020-09-24,0.0028614080429255014,0.0026
2020-09-25,0.001329966865121538,0.0171
2020-09-28,0.0007834463833588071,0.0165
2020-09-29,0.0002574687849489123,-0.0042
2020-09-30,0.0007939441931682963,0.0079
2020-10-01,0.0012633183017780616,0.0078
2020-10-02,0.0017837893480466608,-0.0097
2020-10-05,-0.00029390722101753266,0.0194
2020-10-06,0.00019776062794132465,-0.0128
2020-10-07,-0.0012279768515827984,0.0184
2020-10-08,-0.0011994642691714,0.008
2020-10-09,-0.0019555218426473785,0.0093
2020-10-12,-0.0017736698743492968,0.0154
2020-10-13,-0.0006040752157818771,-0.0042
2020-10-14,-0.0004776214912467599,-0.0065
2020-10-15,-9.479092329587078e-05,-0.0008
2020-10-16,0.00035507243938862683,-0.0006
2020-10-19,0.0003230598212366132,-0.0153
2020-10-20,0.0030421683104709892,0.0034999999999999
2020-10-21,0.0015121898360637754,-0.0034999999999999
2020-10-22,0.048755685790316666,0.0066
2020-10-23,0.04417041874689733,0.0038
2020-10-26,0.055101247382141325,-0.0185
2020-10-27,0.05498697531085092,-0.0023
2020-10-28,0.07694999270730522,-0.0342
2020-10-29,0.07426373685527671,0.0113
2020-10-30,0.0825388139971513,-0.0144999999999999
2020-11-02,0.08662830152047286,0.0116999999999999
2020-11-03,0.13811752237939146,0.0192999999999999
2020-11-04,0.09209137226189998,0.0225
2020-11-05,0.061308912949842656,0.0212
2020-11-06,0.10720098745100279,0.0001
2020-11-09,0.03151378527561187,0.0083
2020-11-10,0.031464108467638884,-0.0016
2020-11-11,0.02305185512812303,0.0088
2020-11-12,0.05989150358352621,-0.0093999999999999
2020-11-13,0.06238993487487873,0.0131
2020-11-16,0.06848040780828848,0.0121999999999999
2020-11-17,0.08426272251762772,-0.002
2020-11-18,0.0753384292968738,-0.0093999999999999
2020-11-19,0.07988078931861521,0.0058
2020-11-20,0.002178845816247795,-0.0051
2020-11-23,0.003312011054626788,0.0081999999999999
2020-11-24,0.009634890217001004,0.0156
2020-11-25,0.008581327394705648,0.0002
2020-11-27,0.006628830769924095,0.0042
2020-11-30,-0.0007133169426151997,-0.0052
2020-12-01,0.004319111780782824,0.0098999999999999
2020-12-02,0.006178384221306661,0.0011
2020-12-03,0.00416970198319341,0.0017
2020-12-04,0.004842918294359901,0.0101
2020-12-07,0.0037855241756231364,0.0002
2020-12-08,0.003096968814915118,0.0046999999999999
2020-12-09,0.008587792755413172,-0.0103
2020-12-10,0.0002593981996466112,0.0024
2020-12-11,0.0049210976635152715,-0.0018
2020-12-14,-0.001469794183156548,-0.0026
2020-12-15,0.005992856602432459,0.0129
2020-12-16,0.007248542503604436,0.0016
2020-12-17,0.005653890339565071,0.0078
2020-12-18,0.006059947068761025,-0.0014
2020-12-21,-0.0006548852091207455,-0.0024
2020-12-22,-0.0011895917366003847,0.0005
2020-12-23,0.0018887940117272449,0.0011
2020-12-24,-0.0008375893956427174,0.0023
2020-12-28,-0.0012740871738728368,0.0049
2020-12-29,-0.00021367310043559566,-0.0039
2020-12-30,-0.0016238191714440303,0.0027
2020-12-31,-0.002925884210698615,0.004
2021-01-04,-0.010525892687488011,-0.0141
2021-01-05,-0.008556514782750034,0.0086
2021-01-06,-0.005517769257205488,0.0079
2021-01-07,-0.006999765956631765,0.0176
2021-01-08,-0.0066159562521851305,0.0051
2021-01-11,-0.003712746773469364,-0.0052
2021-01-12,-0.000725927818459078,0.0037
2021-01-13,-7.975461367456156e-05,0.0006
2021-01-14,-0.000493163702710276,-0.0012
2021-01-15,-0.003093832357279117,-0.0086
2021-01-19,-0.0005892193094126949,0.0092
2021-01-20,-0.0013731283345825326,0.0127
2021-01-21,-0.0021103541302847223,-0.0004
2021-01-22,-1.8469788936904357e-05,-0.0007
2021-01-25,-0.001991035237936691,0.0029
2021-01-26,-0.002589824522441074,-0.0033
2021-01-27,0.002055110459887411,-0.0253
2021-01-28,-0.0011128073182182755,0.0093
2021-01-29,9.901027923209392e-05,-0.0184
2021-02-01,0.0009339550950641404,0.0172
2021-02-02,-0.001985137594957508,0.0148
2021-02-03,-0.0008219495084210514,0.0014
2021-02-04,-0.0014857135149599003,0.0121999999999999
2021-02-05,-0.0010000271063525478,0.0056999999999999
2021-02-08,0.0023321882341328076,0.0096
2021-02-09,-6.87332460298013e-05,0.0005
2021-02-10,-0.0002446756970518566,-0.0008
2021-02-11,0.0002747289638428654,0.002
2021-02-12,0.00012199792874075892,0.0049
2021-02-16,-0.0014478864247018902,-0.0014
2021-02-17,0.0003096806309741931,-0.002
2021-02-18,0.0006503363597412212,-0.0062
2021-02-19,0.0007829662761031391,0.0016
2021-02-22,0.0019339760654054196,-0.0111
2021-02-23,0.002230443161619315,-0.0011
2021-02-24,0.0021968869845170303,0.0115
2021-02-25,0.0017525697421140057,-0.0272
2021-02-26,-0.0005175242656671595,-0.0028
2021-03-01,0.0007259618346804996,0.0262
2021-03-02,0.0013779742849787699,-0.0105
2021-03-03,0.0006707777225439403,-0.0155
2021-03-04,-0.0007769556693855983,-0.0167
2021-03-05,-0.0007560286025373661,0.0187
2021-03-08,-0.0012245113612166726,-0.0067
2021-03-09,0.0007792516764371294,0.0177
2021-03-10,0.000932040220104785,0.0067
2021-03-11,0.00028702367640603694,0.0141
2021-03-12,0.00075817329494709,0.0011
2021-03-15,-0.0005879812095356016,0.0069
2021-03-16,0.00023249109218739485,-0.0040999999999999
2021-03-17,0.0007692494915603661,0.0034
2021-03-18,0.0003778359825783314,-0.0186
2021-03-19,-3.979327407807521e-05,0.0023
2021-03-22,0.0018898108302554345,0.0056
2021-03-23,0.001839113829667231,-0.0116
2021-03-24,0.0010541125261498527,-0.0097
2021-03-25,0.0006471474609488022,0.0067
2021-03-26,0.0002301420849992799,0.0156
2021-03-29,0.0029669361107273837,-0.0048
2021-03-30,0.0015769627625194847,-0.0003
2021-03-31,0.0013669951205308663,0.0063
2021-04-01,9.641717334105589e-05,0.0127
2021-04-05,0.0010712277333521393,0.0128
2021-04-06,0.0004700194662204053,0.0
2021-04-07,0.0005868171740743912,-0.0011
2021-04-08,0.002206940460421666,0.0062
2021-04-09,0.000735063238157275,0.0065
2021-04-12,0.0007821554459960528,-0.0004
2021-04-13,0.0006033985081290369,0.0040999999999999
2021-04-14,-0.0012673360295234154,-0.0034
2021-04-15,-0.0039938909813723,0.0106
2021-04-16,-0.003276553524986416,0.0027
2021-04-19,-0.0015755718440307717,-0.0072
2021-04-20,0.0010739328707418641,-0.0093
2021-04-21,-0.0008070276539548289,0.011
2021-04-22,0.001424695832061138,-0.0078
2021-04-23,0.0002830173628712153,0.0126
2021-04-26,-0.0016942257348442663,0.0040999999999999
2021-04-27,-0.00033442191858308276,-0.0003
2021-04-28,-0.0015414591530729129,-0.0007
2021-04-29,-0.0011002116366965607,0.004
2021-04-30,0.010483519076437527,-0.0081999999999999
2021-05-03,0.009150318210473275,0.0018
2021-05-04,0.00041473538948303166,-0.0089
2021-05-05,7.295576284263583e-05,-0.0005
2021-05-06,-0.0024296024132766597,0.0049
2021-05-07,0.0032648704680790113,0.0084
2021-05-10,0.007196419566073257,-0.0135
2021-05-11,0.00403889069474223,-0.0063
2021-05-12,0.0014734380216737892,-0.0233999999999999
2021-05-13,-0.010452873049319513,0.0104
2021-05-14,-0.00398270111072676,0.0179
2021-05-17,-0.005197590153911657,-0.0024
2021-05-18,-0.0044703658847720295,-0.0069999999999999
2021-05-19,-0.004678036664628339,-0.0034
2021-05-20,-0.004748820030896182,0.0113999999999999
2021-05-21,-0.005608013613923072,-0.0004
2021-05-24,-0.006146166577522375,0.0098999999999999
2021-05-25,-0.0056226182552786014,-0.003
2021-05-26,-0.0038631925951131915,0.0046
2021-05-27,-0.004408955966303403,0.0027
2021-05-28,-0.00383397388528799,0.0004
2021-06-01,-0.005799333998479374,0.0003
2021-06-02,-0.0039030516093135773,0.0011
2021-06-03,-0.0049564497944362745,-0.0053
2021-06-04,-0.004948628281542143,0.009
2021-06-07,-0.002137631920188479,0.0014
2021-06-08,-0.002043166389266967,0.0018
2021-06-09,-0.0016627509819817814,-0.0029
2021-06-10,0.0003059011898999808,0.0040999999999999
2021-06-11,0.0015780289450279678,0.0037
2021-06-14,0.0020801544872785013,0.0015
2021-06-15,0.0014805216089912032,-0.003
2021-06-16,0.0024596954927771455,-0.0046
2021-06-17,0.003112582613807219,0.0001
2021-06-18,0.0013352628013708024,-0.0123
2021-06-21,9.487295306127737e-05,0.0136
2021-06-22,0.0019722011650625485,0.0058
2021-06-23,0.001944257175418103,0.0
2021-06-24,0.0022273785784213376,0.0069
2021-06-25,0.0010686180335051434,0.0031
2021-06-28,0.0008130506423510832,0.0021
2021-06-29,0.0007960828170985659,0.0001
2021-06-30,0.0011948817610950592,0.0007
2021-07-01,0.0006095753932086998,0.0044
2021-07-02,-0.00014176404338116425,0.0056
2021-07-06,-0.0002610361862896488,-0.0027
2021-07-07,2.6119424796427958e-05,0.001
2021-07-08,0.0008392837238441781,-0.0086
2021-07-09,0.0003722251940956843,0.0126
2021-07-12,0.00036612675240047497,0.0023
2021-07-13,0.001246698346798299,-0.0055
2021-07-14,0.0011241868119384593,-0.0025
2021-07-15,0.0009842963481269383,-0.0038
2021-07-16,0.0013731822237746378,-0.0076
2021-07-19,0.002434984423119925,-0.0141999999999999
2021-07-20,0.004602147894103532,0.017
2021-07-21,0.005237167497535995,0.0095
2021-07-22,0.004828457499408753,0.001
2021-07-23,0.0009859363071115057,0.0098999999999999
2021-07-26,0.0009508723478711048,0.0018
2021-07-27,-0.0003875008503374125,-0.0065
2021-07-28,0.0005394734610491336,0.0027
2021-07-29,0.00031930514321058963,0.0040999999999999
2021-07-30,-0.0006254288745863343,-0.0065
2021-08-02,-0.0005260737486673433,-0.0012
2021-08-03,-0.0015632535259857616,0.0073
2021-08-04,-0.00015671493018145418,-0.0039
2021-08-05,0.0007823820806643047,0.0074
2021-08-09,0.0006836386191200085,0.0
2021-08-11,-0.0006708874927935916,0.002
2021-08-12,-0.0001695648975358282,0.0024
2021-08-13,0.0002009490416294663,0.0002
2021-08-16,0.0015406595969210915,-0.0003
2021-08-17,0.0013557853441509757,-0.0079
2021-08-18,0.0011849588937832205,-0.0096
2021-08-19,0.0007599933932803552,-0.0013
2021-08-20,0.0016280595646255764,0.0092
2021-08-23,-0.00010901079147473196,0.0107
2021-08-24,-0.0019373324286914217,0.004
2021-08-25,-0.0026236241836146003,0.0027
2021-08-26,-0.0032641414848856064,-0.0065
2021-08-27,-0.0027222984229835832,0.0107
2021-08-30,-0.0017886754427579846,0.0034999999999999
2021-08-31,-0.0016138619326096287,-0.0013
2021-09-01,-0.0036895947747835455,0.0011
2021-09-02,-0.0033766881312882607,0.0034999999999999
2021-09-03,-0.001892569178305854,-0.0002
2021-09-08,-0.0006396195893041159,-0.0033
2021-09-09,-0.0006330105973448422,-0.0028
2021-09-10,-9.088650747963469e-05,-0.0076
2021-09-13,0.007412580148502771,0.0014
2021-09-14,0.003379678311443741,-0.0066
2021-09-15,0.0057915616693911065,0.0088
2021-09-16,0.007054164322977757,-0.0005
2021-09-17,0.00700789494762868,-0.0074
2021-09-20,0.006827980313654106,-0.0186
2021-09-21,0.005996157847311108,0.0003
2021-09-22,0.007238653323107007,0.01
2021-09-23,0.005089490190403969,0.0128
2021-09-24,0.0022462533026695727,0.0009
2021-09-27,0.002238121643483534,-0.0011
2021-09-28,0.0029103313554822152,-0.0217
2021-09-29,0.002237543345334745,0.0004
2021-09-30,0.0008790761401142083,-0.0103
2021-10-01,0.0014384914225483783,0.0112
2021-10-04,0.0007495892375960311,-0.0141999999999999
2021-10-05,2.593423186048512e-05,0.0106
2021-10-06,0.00023794558709801393,0.0034
2021-10-07,-0.0009062804574036382,0.0101
2021-10-11,-0.0001833412583746169,-0.0072
2021-10-12,-0.0009977299910864904,-0.0007
2021-10-13,-0.0021579271576475704,0.0043
2021-10-14,-0.0019288162558447658,0.0165
2021-10-15,-0.0017359497620261888,0.0064
2021-10-18,-0.0019093158203366623,0.004
2021-10-19,-0.0011914364690019654,0.0069999999999999
2021-10-20,-0.0018119435030940223,0.0034
2021-10-21,-0.0021413180871060183,0.0036
2021-10-22,-0.002687731798422417,-0.0025
2021-10-25,-0.0019136061880005622,0.0056
2021-10-26,-0.0017718051234426992,0.0005
2021-10-27,-0.003056612231868632,-0.0076
2021-10-28,-0.0023919212095361354,0.0111
2021-10-29,-0.0029031409408168934,0.0021
2021-11-01,0.00041623115220729454,0.005
2021-11-02,0.0005932757324951328,0.0025
2021-11-03,0.000829555497771508,0.0079
2021-11-04,0.0011537625503623093,0.0039
2021-11-05,0.00013232809141605937,0.0037
2021-11-08,0.0005530574561567447,0.0016
2021-11-09,0.0003904595333636777,-0.0034
2021-11-10,0.00017039330428138806,-0.0104
2021-11-11,0.00025041685190090805,0.0017
2021-11-12,0.0008112195214343051,0.0074
2021-11-15,0.0009844851866626816,-0.0006
2021-11-16,0.000807384818137239,0.0044
2021-11-17,0.0006656133412321907,-0.0040999999999999
2021-11-18,0.0005331705718659276,0.0014
2021-11-19,-0.0011601676828351022,-0.0025
2021-11-22,-0.0005255330262152122,-0.0056999999999999
2021-11-23,-0.00022393062159740268,-0.0002
2021-11-24,-0.0010954177521951965,0.003
2021-11-26,0.004348534957273974,-0.0223
2021-11-29,0.004429540671984181,0.011
2021-11-30,0.0026929135350025504,-0.0195
2021-12-01,0.0035459594331785312,-0.0159
2021-12-02,0.0025428294287240475,0.0153
2021-12-03,0.0032323993930249446,-0.0118
2021-12-06,0.0035138578441329163,0.012
2021-12-07,0.006618410393264021,0.0222
2021-12-08,0.007615762383999396,0.0046
2021-12-09,0.007010155400430036,-0.0104
2021-12-10,0.005996179412010054,0.0070999999999999
2021-12-13,0.006098496339236306,-0.0104
2021-12-14,0.0070743006892333765,-0.0076
2021-12-15,0.007868116732524591,0.0162
2021-12-16,0.008437172887206962,-0.0118999999999999
2021-12-17,0.008848142633457963,-0.0066
2021-12-20,0.00731570384826257,-0.0126
2021-12-21,0.006901819371630115,0.0206
2021-12-23,0.006553857098216645,0.0072
2021-12-27,0.006003414939423944,0.0123
2021-12-28,0.004949446403845777,-0.0026
2021-12-29,-0.002471634388913374,0.0007
2021-12-30,-0.002354863882395119,-0.0017
2021-12-31,-0.003385517945212737,-0.0031
2022-01-03,-0.0038047784186456685,0.0072
2022-01-04,-0.002744469291235077,-0.0027
2022-01-05,-0.0024203879441743272,-0.0226
2022-01-06,-0.0020495148960613216,0.0
2022-01-07,-0.001189789191728133,-0.0049
2022-01-10,-0.0006090841675157201,-0.0014
2022-01-11,-0.0003173961186456549,0.0108
2022-01-12,-0.00025120899182702914,0.0013
2022-01-13,0.00037349715051150103,-0.0155
2022-01-14,-8.667501740355987e-05,0.0008
2022-01-18,-0.00029946355594831747,-0.0206
2022-01-19,-0.0005294789344729022,-0.0102
2022-01-20,-0.0015953976113575082,-0.0115
2022-01-21,-0.0006133742633382329,-0.0209
2022-01-24,0.0032711424232473906,0.0053
2022-01-25,0.0010790194205977355,-0.0141999999999999
2022-01-26,0.0001511282092902857,-0.0029
2022-01-27,-0.0017322048619305003,-0.0076
2022-01-28,-0.0008590301268377701,0.0246
2022-01-31,0.00039153689694635795,0.0232
2022-02-01,0.0010543806832584459,0.0087
2022-02-03,0.0036291276620498405,-0.0248
2022-02-08,0.005430327371111075,0.0102
2022-02-09,0.004871038245535931,0.016
2022-02-10,0.002949929678439633,-0.0169
2022-02-11,0.0008582322655991808,-0.0191
2022-02-14,-0.0003270109655502356,-0.0034999999999999
2022-02-15,-0.0013130001595439986,0.0185
2022-02-16,-0.0008592287021957578,-0.0002
2022-02-17,0.00023929259860312282,-0.0229
2022-02-18,-0.002140049149273109,-0.0085
2022-02-22,-0.0008506788272511409,-0.0116999999999999
2022-02-23,-0.0005145804268454361,-0.0195
2022-02-24,-0.000833366572138089,0.0187
2022-02-25,-0.0026947265800904897,0.0224
2022-02-28,-0.0008702953616704645,0.0003
2022-03-01,-0.00021431454831529766,-0.0155
2022-03-02,-0.0012832417936158743,0.0182
2022-03-03,-0.0010614797217822932,-0.0086
2022-03-07,-0.001680658532264541,-0.0314
2022-03-08,-0.0007937963534599193,-0.0053
2022-03-09,-0.0008818932349150964,0.0279
2022-03-10,-0.0012188617649709866,-0.0046999999999999
2022-03-11,-0.002752308345085842,-0.0148
2022-03-14,-0.0045947143843308915,-0.0104
2022-03-15,-0.004016546902298622,0.0215
2022-03-16,-0.0031922686664540597,0.026
2022-03-17,-0.0009586942992410281,0.0141999999999999
2022-03-18,0.0008633174856184957,0.0132
2022-03-21,0.0006398353166922442,-0.0017
2022-03-22,0.0020944567056168668,0.013
2022-03-23,0.0017931932655075341,-0.0125
2022-03-24,0.0014208319712672947,0.0141999999999999
2022-03-25,0.001947679125621638,0.0028
2022-03-28,0.003002858364078038,0.0073
2022-03-29,0.0034772798157240515,0.0143
2022-03-30,0.0021694057014628315,-0.0081999999999999
2022-03-31,0.0023352710480307338,-0.0154
2022-04-01,0.004069956120096568,0.0039
2022-04-04,0.0023614453000804017,0.0093
2022-04-05,0.0031526251180238486,-0.0153
2022-04-06,0.002985294872783843,-0.0123
2022-04-07,0.0031121773482754595,0.0034
2022-04-08,0.004398122564298074,-0.0038
2022-04-11,0.0017595081877129631,-0.0154
2022-04-12,-6.417829237313766e-05,-0.0029
2022-04-13,-0.0011975251542152025,0.0139
2022-04-14,0.0009034791691248579,-0.0128
2022-04-18,0.001456984032411565,-0.0019
2022-04-20,0.002256213950106047,-0.0027
2022-04-21,0.002108850586998462,-0.0173
2022-04-22,0.0032867674279582313,-0.0274
2022-04-25,0.005056414608331606,0.0069999999999999
2022-04-27,0.0030143169975493525,0.0013
2022-04-28,0.0019410768683114721,0.0245
2022-04-29,0.0012501402228301197,-0.0354
2022-05-02,0.0016158937255234427,0.008
2022-05-03,0.0017007145660550452,0.0040999999999999
2022-05-04,0.001724987319239834,0.0301
2022-05-05,0.001057681047335725,-0.038
2022-05-06,0.0017991022926583447,-0.0085
2022-05-09,0.002213160241501265,-0.0352
2022-05-10,0.002061320277697864,0.0022
2022-05-11,0.0017732226378311816,-0.0192999999999999
2022-05-12,0.001724787055901246,0.0015
2022-05-13,0.0025626114834370367,0.0274
2022-05-16,0.0004866844068879141,-0.0059
2022-05-17,0.0017419610669307081,0.0213
2022-05-18,0.00021536960371037643,-0.0406
2022-05-19,0.0004521582542300725,-0.0034
2022-05-20,-0.0003618379154368558,-0.0005
2022-05-23,-0.002528589565702314,0.0175
2022-05-24,-0.001495253491727113,-0.0121
2022-05-25,-0.00022075705682238482,0.0121
2022-05-26,0.001235090193678084,0.0218
2022-05-27,0.0009109724638070305,0.0258
2022-05-31,0.0011443530631611483,-0.0070999999999999
2022-06-01,-6.648466709057505e-05,-0.0074
2022-06-02,-0.00036043135355797205,0.0208
2022-06-03,0.0011616193342216916,-0.0163
2022-06-06,0.002009291766541991,0.0033
2022-06-07,0.0020689992065698157,0.01
2022-06-08,9.098963900139929e-05,-0.0102
2022-06-09,0.0009788574018252895,-0.0243
2022-06-10,0.00031556725133725656,-0.03
2022-06-13,0.002059374256553196,-0.0412
2022-06-14,0.003676488918036104,-0.0026
2022-06-15,0.0016317534200251894,0.0155
2022-06-16,0.0020614253573120003,-0.0352
2022-06-17,0.002072579382376,0.0045
2022-06-21,0.002158783593380509,0.0237999999999999
2022-06-22,0.0010905773754878545,-0.0019
2022-06-23,-0.00015413908485732245,0.0112
2022-06-24,0.0012256756614875605,0.0313
2022-06-27,0.0002826268147142046,-0.0027
2022-06-28,-0.00020393951734140912,-0.0209
2022-06-29,5.8388369720675635e-05,-0.0019
2022-06-30,0.0003150647810291032,-0.0096
2022-07-01,-0.0006290761192340609,0.0115
2022-07-05,-0.0003583977398358294,0.0048
2022-07-06,-0.0017039776338350478,0.0017
2022-07-07,-0.0009778133027508,0.0176
2022-07-08,0.0002702881605613124,-0.0007
2022-07-11,0.0020381605514269477,-0.0138
2022-07-12,0.0012382614397931785,-0.0089
2022-07-13,-0.00011657363676135913,-0.0039
2022-07-14,0.004257719377941616,-0.0040999999999999
2022-07-15,-0.0007596740097977185,0.0196
2022-07-18,-0.0019612473506297624,-0.0070999999999999
2022-07-19,-0.0017698202793866673,0.0281
2022-07-20,-0.0013670343232347398,0.0089
2022-07-21,0.0007388003174539051,0.0097
2022-07-22,0.0004892429015185373,-0.0118
2022-07-25,0.00030323456907021786,0.0012
2022-07-26,-0.0001266114931968293,-0.0132
2022-07-27,-0.00016220050440436673,0.0272
2022-07-28,0.0006010294876269552,0.0118999999999999
2022-07-29,0.0004614819315748114,0.0144999999999999
2022-08-01,0.0036733852415994825,-0.0019
2022-08-02,0.002073752924681591,-0.0049
2022-08-03,0.0028632759811122867,0.0168
2022-08-04,-0.0003113045794785098,-0.0004
2022-08-08,0.001291190663438591,0.0001
2022-08-09,0.0016156284259714927,-0.0066
2022-08-10,0.0014427100072603206,0.0236
2022-08-11,0.0014544598235609251,-0.0006
2022-08-12,0.002434660285635909,0.0177
2022-08-15,0.0012208720813503965,0.0039
2022-08-16,0.0016246289478679477,0.002
2022-08-17,0.0025348277442224063,-0.0091
2022-08-18,0.002663016873012924,0.0028
2022-08-19,0.002217126089099402,-0.0148
2022-08-22,0.0018914921564864126,-0.0212
2022-08-23,0.002435526605655521,-0.001
2022-08-24,0.0014337925726299666,0.004
2022-08-25,0.0017585612350404264,0.0146
2022-08-26,0.0006791942679895845,-0.0336
2022-08-29,0.0004950894829946469,-0.0069999999999999
2022-08-30,0.0017127289368955825,-0.011
2022-08-31,0.0013083251172053402,-0.0074
2022-09-01,-0.0005321117134262735,0.0001
2022-09-02,-8.690152502855878e-05,-0.0098
2022-09-06,0.0014501171078108814,-0.005
2022-09-07,0.0007961976613957938,0.0192999999999999
2022-09-08,0.0006148563554216628,0.0079
2022-09-09,0.00023285453127210956,0.0168
2022-09-12,-0.0003659761130724844,0.0108
2022-09-13,-0.00024415388696720497,-0.0428
2022-09-14,-0.0007822528813584972,0.0045
2022-09-15,-0.0016893207735740679,-0.0103
2022-09-16,-0.001972955191453674,-0.0097
2022-09-19,-0.002448015126869022,0.0073
2022-09-20,-0.0034944628876445805,-0.0113999999999999
2022-09-21,-0.0030281443622692966,-0.0167
2022-09-22,-0.0021030582105460416,-0.0113
2022-09-23,-0.001026099125201112,-0.0184
2022-09-26,-0.0022633035688092,-0.0101
2022-09-27,-0.0024027182327548105,-0.0003
2022-09-28,-0.0018638085374538171,0.0215
2022-09-29,-0.0013921773611794619,-0.0215
2022-10-03,-0.0012643340725983622,0.0256999999999999
2022-10-04,-0.0014058231279273472,0.033
2022-10-05,-0.0012942945646288323,-0.002
2022-10-06,-0.001053696029751409,-0.0084
2022-10-07,0.0016591166262566296,-0.0289
2022-10-10,0.0024610244035378906,-0.0079
2022-10-11,0.0016253312936676094,-0.0069
2022-10-12,0.0004482852424788152,-0.0026
2022-10-13,0.00033165935380473046,0.0242
2022-10-14,-0.0012012621088624738,-0.0244
2022-10-17,-0.0017586855763658444,0.0275
2022-10-18,-0.0025113765554055766,0.0118999999999999
2022-10-19,-0.002334830204112803,-0.0086
2022-10-20,-0.0024359008071172866,-0.0079
2022-10-21,-0.0022703381012261162,0.0230999999999999
2022-10-24,-0.0019760883492468515,0.0105
2022-10-25,-0.0036164784258144473,0.0179
2022-10-26,-0.0025506497032348977,-0.0065
2022-10-27,-0.0028900676582201243,-0.0053
2022-10-28,-0.0017748542405162685,0.0233999999999999
2022-10-31,-0.0016937867321556038,-0.0067
2022-11-01,-0.0011423000785023899,-0.0034
2022-11-02,-0.0015490204498286,-0.0266
2022-11-03,-0.00018143243058055258,-0.0102
2022-11-04,-0.001334775828238645,0.0116999999999999
2022-11-07,-0.00016872221369105753,0.0088
2022-11-08,-0.0016041736549461155,0.0052
2022-11-09,-0.002087877654731952,-0.0223
2022-11-10,-0.0005002153341380186,0.0568999999999999
2022-11-11,-0.0023310526954647918,0.0107
2022-11-14,-0.0004431096776388979,-0.0093999999999999
2022-11-15,-0.0016801343071554521,0.0104
2022-11-16,-0.0002552853381489904,-0.0101
2022-11-17,5.929153218010235e-05,-0.0040999999999999
2022-11-18,9.461591093588002e-05,0.0041
2022-11-21,0.0006203393597042686,-0.0051
2022-11-22,0.0009159079594614575,0.0137
2022-11-23,0.0007404645994397926,0.0064
2022-11-25,0.00044384405735965515,-0.0001999999999999
2022-11-28,-0.0007378179453349802,-0.0154
2022-11-29,-0.0002745001782441814,-0.0017
2022-11-30,-0.00039674128314598256,0.0313
2022-12-01,-0.00015286407061937632,0.0
2022-12-02,-0.0013728005392932231,-0.0006
2022-12-05,0.0010742597874178474,-0.02
2022-12-06,0.001570791549230048,-0.0149
2022-12-07,0.0013237814857513886,-0.0022
2022-12-08,0.0017538327508556338,0.0078
2022-12-09,0.0012846037587212647,-0.0078
2022-12-12,0.002093544881527203,0.0143
2022-12-13,0.0002588002669722626,0.0068
2022-12-14,0.0008012890642600369,-0.0054
2022-12-15,4.113202493510881e-05,-0.0255
2022-12-16,-0.00031699916336499736,-0.01
2022-12-19,0.0004890401469965808,-0.0098
2022-12-20,0.0005754461111915107,0.0015
2022-12-21,0.0010907776343375465,0.0155
2022-12-22,0.0013907039374584204,-0.015
2022-12-23,0.0012425859368243477,0.0054
2022-12-27,0.001695891512548638,-0.0048
2022-12-28,0.0018695039628849547,-0.0121999999999999
2022-12-29,0.002342327663723833,0.0189
2022-12-30,0.003057186178114707,-0.002
2023-01-03,0.0024065758560951056,-0.0045
2023-01-04,0.0009918102827185188,0.0083
2023-01-05,0.0007435868879457352,-0.0111999999999999
2023-01-06,0.0009922154059974363,0.0223
2023-01-09,-0.00024142130791275176,0.0005
2023-01-10,-0.000951634224225449,0.0081
2023-01-11,-0.0008548928075048884,0.0127
2023-01-12,-0.0017599108632472052,0.0047
2023-01-13,-0.003103417062649715,0.0048
2023-01-17,-0.0024042340442859676,-0.0016
2023-01-18,-0.0016546812816267686,-0.0153
2023-01-19,-0.0025075877140586945,-0.0084
2023-01-20,-0.00137735382492829,0.0196
2023-01-23,-0.0006606039061222627,0.013
2023-01-24,-0.0005197867944550697,-0.0014
2023-01-25,-0.00036237462343836614,0.0002
2023-01-26,-0.00034313108015035087,0.011
2023-01-27,-0.0004177483357520922,0.0036
2023-01-30,-0.0003014361601628637,-0.0136
2023-01-31,-0.0013790666488576078,0.016
2023-02-01,-0.0011046176797074028,0.0121
2023-02-02,0.0003596953299559578,0.0156
2023-02-03,-0.0010732807307033063,-0.0106
2023-02-06,-0.000642035111801736,-0.0070999999999999
2023-02-07,-0.0018241482540630985,0.0127
2023-02-08,-0.0019376966198498607,-0.0116
2023-02-09,-0.0021273186956973747,-0.0092
2023-02-10,-0.001616503054293632,0.0013999999999999
2023-02-13,-0.002731363594848219,0.0116
2023-02-15,-0.002227564931336679,0.0052
2023-02-16,-0.0007645241945878437,-0.0135
2023-02-17,-0.00020382318542095287,-0.0026
2023-02-21,-0.0008272771782625974,-0.0214
2023-02-22,-0.001411969130598292,-0.0002
2023-02-23,-0.0031251667647655195,0.0049
2023-02-24,-0.002727538315051572,-0.0106
2023-02-27,-0.003068997019715707,0.0033
2023-02-28,-0.0021895734401237,-0.0024
2023-03-01,-0.0037920292516357055,-0.0038999999999999
2023-03-03,-0.0018779471412782454,0.0163
2023-03-06,-0.0014598425394250344,-0.0011
2023-03-07,-0.005122007029546117,-0.0143
2023-03-09,-0.005805722731954855,-0.02
2023-03-10,-0.00512433764598554,-0.0166
2023-03-13,-0.003958331805863012,-0.0032
2023-03-14,-0.003881275297418779,0.0174
2023-03-15,-0.0024086968258461906,-0.0077
2023-03-16,-0.004447292814165994,0.0178
2023-03-17,-0.0026976549877641993,-0.0118999999999999
2023-03-20,-0.0037548376683960933,0.0086
2023-03-21,-0.003624585463675791,0.015
2023-03-22,-0.004715926392541033,-0.0172
2023-03-24,-0.004340878902567194,0.0048
2023-03-27,-0.004648360736746251,0.0029
2023-03-28,-0.004566459789724203,-0.0015
2023-03-29,-0.0043890182413138515,0.0141
2023-03-30,-0.0041184234207398696,0.0053
2023-03-31,-0.00334999416779343,0.0155
2023-04-03,-0.00504673785099591,0.003
2023-04-04,-0.005524702797056651,-0.0069999999999999
2023-04-05,-0.006086851463118919,-0.0037
2023-04-06,-0.006325635696256809,0.0036
2023-04-10,-0.006144114221514773,0.0022
2023-04-11,-0.005871816587495252,0.0008
2023-04-12,-0.0069082450451391,-0.0049
2023-04-13,-0.003969580287513043,0.0141
2023-04-14,-0.0027602281568391454,-0.0021
2023-04-17,-0.0024490837769237783,0.0035
2023-04-18,-0.0013846165391702538,0.0006
2023-04-20,-0.0032522314953079916,-0.0059
2023-04-21,-0.0027398853391352707,0.001
2023-04-24,-0.0015266121755380332,0.0002
2023-04-25,-0.003113068800338461,-0.0174
2023-04-26,-0.003142041192581075,-0.0038999999999999
2023-04-27,-0.002731096390420165,0.0187
2023-04-28,-0.0025590138903205752,0.008
2023-05-01,-0.0016931740505842197,0.0
2023-05-02,-0.0006473667464087403,-0.0125
2023-05-03,-0.001509703405950606,-0.0055
2023-05-04,-0.002207678820902997,-0.0076
2023-05-05,-0.0008706391495526953,0.0192999999999999
2023-05-08,0.0003389506984419585,0.0009
2023-05-09,0.0002186323810388743,-0.0040999999999999
2023-05-10,0.001684482832304855,0.0045
2023-05-12,0.0014074123281446272,-0.002
2023-05-15,0.00011815943356601682,0.0048
2023-05-16,-0.0006711616166958167,-0.0069999999999999
2023-05-17,-0.0016828746898155018,0.0133
2023-05-18,-0.0019100528324681454,0.0101
2023-05-19,-0.002180490226396742,-0.0024
2023-05-22,-0.0007588462518119884,0.0019
2023-05-23,-0.00010550555072869947,-0.0108
2023-05-24,-0.00018538610143075226,-0.0069999999999999
2023-05-25,-0.0012521074467462024,0.0067
2023-05-30,0.0003853215622470932,0.0001
2023-05-31,-0.0002609432562603906,-0.0058
2023-06-01,-0.0010973177205301453,0.0104
2023-06-02,-0.00019176200563873487,0.0164
2023-06-05,0.0005015699909138158,-0.0024
2023-06-06,-3.021204674186129e-05,0.0048
2023-06-07,0.001752181541016285,-0.0034
2023-06-08,0.001048425137261371,0.0060999999999999
2023-06-09,0.0006262762798184605,0.0005
2023-06-12,0.00045489737233958007,0.0096
2023-06-13,0.00044236181286866463,0.0076
2023-06-14,0.00042780092723466155,-0.0001
2023-06-15,0.0011183317724484348,0.0124
2023-06-16,0.0009407184317831426,-0.0043
2023-06-20,0.00039903010799926625,-0.0046
2023-06-21,0.0002604274981785761,-0.0054
2023-06-22,-0.001026936828129857,0.0034
2023-06-23,-0.00024224312600563649,-0.0081999999999999
2023-06-26,0.0004556558411562581,-0.0046
2023-06-28,0.0012720746226817436,0.0005
2023-06-29,0.0011902262456715104,0.0046
2023-06-30,0.001908368760494206,0.0116
2023-07-05,0.0033526914206292724,-0.0026999999999999
2023-07-06,0.0028674909343364787,-0.0092
2023-07-07,0.0021513606735096757,-0.0011
2023-07-10,0.0006218371238301171,0.0038
2023-07-12,0.0004107114454339862,0.0076
2023-07-13,0.00017691848586909146,0.0092
2023-07-14,-0.001226658407389657,-0.0023
2023-07-17,-0.0017387824852446378,0.005
2023-07-18,-0.0006227870897830341,0.008
2023-07-19,0.0008654113252139926,0.0027
2023-07-20,0.0002866821991101685,-0.0079
2023-07-21,-0.0002596433351238685,-0.0003
2023-07-24,-0.00067498059504283,0.0033
2023-07-25,-0.0007098626792837767,0.0027
2023-07-26,-0.0018814301980318836,0.0003
2023-07-27,-0.000772033735657332,-0.0072
2023-07-28,-0.0019410323648337542,0.0115
2023-07-31,-0.0023972256743717774,0.0027
2023-08-01,-0.002502139190151777,-0.0032
2023-08-02,-0.0014468499247167962,-0.0147
2023-08-03,-0.0012138097082613842,-0.0017
2023-08-04,-0.0012706501318820783,-0.0046
2023-08-07,-0.00039852021054680625,0.0079
2023-08-08,0.0003290260325919238,-0.0045
2023-08-09,-8.776092832974179e-05,-0.0076
2023-08-10,0.0002579401173497608,0.0003
2023-08-11,0.0007631216104460333,-0.0009
2023-08-14,0.000881668268469212,0.0053
2023-08-15,-0.0004691840958686581,-0.0116
2023-08-16,0.0003871233703241678,-0.0079
2023-08-17,-0.0002736798796242861,-0.0085
2023-08-18,-0.0006448761757806461,0.0006
2023-08-21,0.00030049247803654803,0.0066
2023-08-22,0.0004688634366816329,-0.003
2023-08-23,0.0006699633890037145,0.011
2023-08-24,0.0007819831467044102,-0.0139999999999999
2023-08-25,-0.00029301762593959987,0.0067
2023-08-28,0.0011788284661710159,0.0065
2023-08-29,0.0009179800311510574,0.0152
2023-08-30,0.00032586799052338145,0.0043
2023-08-31,-0.0009585757046949908,-0.0006
2023-09-01,0.00044496915994752314,0.0028
2023-09-05,0.0009913981546150242,-0.0052
2023-09-06,0.0011571693439456031,-0.0069
2023-09-07,-0.0003098517527602036,-0.0038
2023-09-08,0.0010056527298435787,0.0013999999999999
2023-09-11,0.0007300426213595057,0.0068
2023-09-12,3.1765632841051126e-06,-0.0056999999999999
2023-09-13,0.0019973457186085748,0.0005
2023-09-14,0.0013744325247009258,0.0085
2023-09-15,0.0027927046358536514,-0.0118999999999999
2023-09-18,0.001191124220172431,-0.0002
2023-09-19,0.0014989356653157537,-0.0024
2023-09-20,0.0005952624488149435,-0.0093
2023-09-21,0.0005322101140726377,-0.0166
2023-09-22,0.000645812770910177,-0.0023
2023-09-25,0.00020691759540045362,0.0041
2023-09-26,0.0004839031844876852,-0.0144
2023-09-27,0.00023936605082928842,0.0015
2023-09-28,0.0013621531038312772,0.0067
2023-09-29,-0.0008119097282140534,-0.0025
2023-10-03,2.675797637366434e-05,-0.0147
2023-10-04,9.286991197342911e-05,0.0079
2023-10-05,5.996823725305376e-05,-0.0013
2023-10-06,0.0011074121106951908,0.0123
2023-10-09,0.0012390034107386358,0.0060999999999999
2023-10-10,0.0010732628692138879,0.0062
2023-10-11,0.0012442225285874886,0.0035
2023-10-12,0.0018491483695957567,-0.0079
2023-10-13,0.003834252304903577,-0.0056999999999999
2023-10-16,0.0038178552162720617,0.0115
2023-10-17,0.0028584759834005638,0.0011
2023-10-18,0.003186319196100419,-0.0144
2023-10-19,0.0024170277115628403,-0.009
2023-10-20,0.001360384180063885,-0.013
2023-10-23,0.0023953324879885454,-0.0021
2023-10-24,0.0009569507977431643,0.0076
2023-10-25,-0.00012610703940117552,-0.0155
2023-10-26,0.0010842135361010174,-0.0113
2023-10-27,0.0005815769306942858,-0.005
2023-10-30,0.0014042727441950138,0.0116999999999999
2023-10-31,0.0011619810280517463,0.0065
2023-11-01,0.001501572647740886,0.0095
2023-11-02,0.0010372255527996328,0.0196
2023-11-06,0.0018032855324558728,0.0003
2023-11-07,0.0022770083096847592,0.0037
2023-11-08,5.17904231639505e-05,-0.0001
2023-11-09,0.0004871196269680689,-0.0087
2023-11-13,0.004012863967884365,-0.0003
2023-11-14,0.0005947746359728254,0.022
2023-11-15,0.0011319950798857291,0.002
2023-11-16,-0.0005255445209972913,-0.0009
2023-11-17,-0.00042480923428039885,0.0027
2023-11-21,-0.003909102005575772,-0.003
2023-11-22,-0.003868013900441558,0.0049
2023-11-27,-0.003321362771218494,-0.0021
2023-11-28,-0.0010781478606365974,0.0007
2023-11-29,-0.00119983264558807,0.0003
2023-11-30,-0.00047311485305132534,0.0037
2023-12-01,0.001803036061103068,0.0083
2023-12-04,0.00045820008116661165,-0.0042
2023-12-05,0.0006460007077024298,-0.0019
2023-12-06,0.001357257587764586,-0.0038
2023-12-07,0.0013710060699702621,0.0083
2023-12-08,-0.0004193791823717572,0.0046
2023-12-11,0.000718676495429863,0.0038
2023-12-12,-0.0004967068749590083,0.0036
2023-12-13,0.0009174230064980278,0.0156
2023-12-14,0.0018518348977264747,0.0052
2023-12-15,0.0009937462078036584,-0.0003999999999999
2023-12-18,0.0005290896811528972,0.0044
2023-12-19,-1.4771101352438328e-05,0.0073
2023-12-20,0.002677093046843341,-0.0153
2023-12-21,0.0025728472137542566,0.0111
2023-12-22,0.0018183165987323622,0.0022
2023-12-27,0.0005367123851344062,0.0018
2023-12-28,0.0002268122661087356,0.0001
2023-12-29,0.0007769882139736429,-0.0040999999999999
2024-01-02,0.001098847335949579,-0.0068
2024-01-03,0.0032716311581879286,-0.0098999999999999
2024-01-04,0.003733552369205237,-0.0031
2024-01-05,0.004824843870670692,0.0017
2024-01-08,0.00374837171173088,0.0151
2024-01-09,0.0043090948451511065,-0.0019
2024-01-10,0.0029936340318587867,0.0053
2024-01-11,0.002487706442470811,-0.0012
2024-01-12,0.0032997079639724702,0.0001
2024-01-16,0.0034053640123965856,-0.0045
2024-01-17,-0.00016718034416339048,-0.0056999999999999
2024-01-18,-0.00019961003672394,0.0089
2024-01-22,0.0004061284957842075,0.004
2024-01-23,0.0003429142718744521,0.0024
2024-01-24,-0.00011351689018617578,0.0001
2024-01-25,0.0007779287190829343,0.0048
2024-01-26,0.0013426538744924017,0.0
2024-01-29,-0.001133177279945884,0.0087
2024-01-30,-0.002057227478845491,-0.001
2024-01-31,-0.00203422995111097,-0.0172
2024-02-01,-0.002596313932222002,0.0124
2024-02-02,-0.0016833769100693303,0.0101
2024-02-05,-0.0019268375068427189,-0.0038999999999999
2024-02-06,-0.0007494589639194534,0.0029
2024-02-07,8.827095888823643e-05,0.0079
2024-02-08,0.0007276858483380922,0.0023
2024-02-09,0.0013343883929581321,0.0067
2024-02-12,0.0022709688661637106,0.0006
2024-02-13,-0.00023906009218705818,-0.0158
2024-02-14,-0.00017757937161829002,0.0116
2024-02-15,-0.000344894077016021,0.0069
2024-02-16,-0.0009961412685397812,-0.0051
2024-02-20,-0.000943071051784349,-0.0070999999999999
2024-02-21,-0.0004839829222445023,0.0
2024-02-22,-0.001064725611730392,0.0204
2024-02-23,-0.0015767403163521121,0.0004
2024-02-26,-0.0010135928024575945,-0.0024
2024-02-27,-0.0016869001505158622,0.0028
2024-02-28,-0.0015924727482965557,-0.0024
2024-02-29,-0.00015888760566851797,0.0055
2024-03-01,-0.0006184650298622419,0.0078
2024-03-04,-0.00016709381437346633,-0.0016
2024-03-05,0.0006363311398949868,-0.0105
2024-03-06,0.0010045683768303015,0.0055
2024-03-07,0.0001387075899030686,0.0104
2024-03-08,-0.0001926486036275894,-0.0064
2024-03-11,0.0006407644471615089,-0.0018
2024-03-12,0.0008335150276744109,0.0106
2024-03-13,0.00110130708095041,-0.0012
2024-03-14,-0.001678454532237502,-0.004
2024-03-15,-0.0014223116763576876,-0.0055999999999999
2024-03-18,-0.001323015958323547,0.0055
2024-03-19,-0.0011890081853250854,0.0056
2024-03-20,-0.0024310495568149893,0.0104
2024-03-21,-0.0027695094293071812,0.0044
2024-03-22,-0.0017452879273986328,-0.0021
2024-03-25,-0.002730014096625632,-0.0025
2024-03-26,-0.0029447473638962458,-0.0024
2024-03-27,-0.002327900876697754,0.009
2024-03-28,-0.0022918004904613834,0.0013
2024-04-01,-0.001772324701860566,-0.0024
2024-04-02,-0.00114349049016338,-0.0083
2024-04-03,-0.0006936719586329738,0.0019
2024-04-04,0.00017215903481767271,-0.012
2024-04-05,0.000724803120374641,0.0108
2024-04-08,0.0015807561182834234,0.0003
2024-04-09,0.0005265452338564518,0.0015
2024-04-10,0.0005702042560358097,-0.0098
2024-04-11,0.0007581871449849542,0.0075
2024-04-12,0.0026271959244693215,-0.0151
2024-04-15,0.003517552657694639,-0.0127
2024-04-16,0.0008577093834449206,-0.0021
2024-04-17,0.001955767336424219,-0.0062
2024-04-18,0.0018682566596238512,-0.0025
2024-04-19,0.0009785269427710476,-0.008
2024-04-22,0.0005855377775109671,0.0089
2024-04-23,0.0005263906961332984,0.0129
2024-04-24,0.0004887032343654503,0.0001
2024-04-26,0.00010291622131119156,0.0105
2024-04-29,0.00027022810833453103,0.0035
2024-04-30,0.0010942852754565338,-0.0165
2024-05-01,0.0008806439125388118,-0.0025
2024-05-02,9.371928462284595e-05,0.0103
2024-05-03,-0.0005221114958273679,0.012
2024-05-06,0.0003288390579328425,0.011
2024-05-07,-5.15165277327941e-06,0.0007
2024-05-08,0.0010471087624046365,-0.0006999999999999
2024-05-09,0.0011250786165038053,0.0054
2024-05-10,0.0015347644300653476,0.0011
2024-05-13,0.0013122962614891122,-0.0002
2024-05-14,0.0008839219436768505,0.0058
2024-05-15,0.0012612836017394425,0.0116999999999999
2024-05-16,0.0014979102487504721,-0.0023
2024-05-17,0.0007967365804821331,0.0013
2024-05-20,0.0011193870943140005,0.0016
2024-05-21,-0.0003276606706431279,0.0018
2024-05-22,0.0006025343635430848,-0.0032999999999999
2024-05-23,0.0007946590096376121,-0.0081999999999999
2024-05-24,0.0012037378076645542,0.0073
2024-05-28,0.003028001917611616,-0.0002
2024-05-29,0.002934063558180716,-0.0075
2024-05-31,0.001931853737460995,0.007
2024-06-03,0.0010251826085665048,0.0007
2024-06-04,0.0006847483009771697,-0.0003999999999999
2024-06-05,0.001895189486000479,0.0125
2024-06-06,0.002094912456439275,-0.0003999999999999
2024-06-07,0.0012867919290758356,-0.0021
2024-06-10,0.0022173984374075618,0.0029
2024-06-11,0.0019974039543059225,0.0022
2024-06-14,0.003967346260102849,-0.0014
2024-06-17,0.003863732821290525,0.008
2024-06-18,0.00238410162127888,0.0022
2024-06-20,0.0024658235921676958,-0.0027999999999999
2024-06-21,0.0022170151819715547,-0.0011
2024-06-24,0.00113021920458754,-0.0024
2024-06-25,0.0016345803812439729,0.0033
2024-06-26,0.004480057738029554,0.0018
2024-06-27,0.004221198323248331,0.0016
2024-06-28,0.003376388151491224,-0.0032999999999999
2024-07-01,0.002844720821097116,0.0025
2024-07-02,0.0019886825143768474,0.0059
2024-07-03,0.0010356322131246708,0.005
2024-07-05,0.0013067854986043772,0.005
2024-07-08,0.0003918916588022513,0.0012
2024-07-09,-0.0008083133729232512,0.0002
2024-07-10,0.0005673231004769747,0.0098999999999999
2024-07-11,4.67497384554105e-05,-0.0058
2024-07-12,-0.0026233373189047384,0.006
2024-07-15,0.00015819901059207822,0.004
2024-07-16,-5.227822782037187e-05,0.0084
2024-07-17,0.0006771894332091624,-0.0147
2024-07-18,-0.00014169868223463174,-0.0093
2024-07-19,0.00040433342902715364,-0.0066
2024-07-22,0.002491116050934679,0.011
2024-07-23,0.0022724926567172423,-0.0005
2024-07-24,0.0035419564378715556,-0.0237999999999999
2024-07-25,0.0033182479285065714,-0.0027999999999999
2024-07-26,0.0030027909844411098,0.0112
2024-07-29,0.0027704035034509054,0.0
2024-07-30,0.002637156726842089,-0.0046999999999999
2024-07-31,0.002196534654053574,0.0154
2024-08-02,0.0011083595060780197,-0.0209
2024-08-05,0.0029219179519633254,-0.03
2024-08-09,0.0012562034950110805,0.0045
2024-08-12,0.0011490270169741542,-0.0006
2024-08-13,0.0012364525568745836,0.0171
2024-08-14,-0.0019679938434650182,0.0032
2024-08-15,0.0002546775518888828,0.0179
2024-08-16,-0.0008518881267767863,0.0024
2024-08-19,-0.0003775576938399529,0.01
2024-08-20,-0.0015206531492103978,-0.0029
2024-08-21,3.591363431278871e-05,0.0053
2024-08-22,-0.00025943942527736983,-0.0093999999999999
2024-08-23,0.0005602186363077669,0.0131
2024-08-26,0.0014339079194056277,-0.0032
2024-08-27,-0.00010613698112542673,0.0007
2024-08-28,-0.0008988769675442065,-0.0064
2024-08-29,0.0007651795960004212,0.0009
2024-08-30,0.0010294057844327578,0.01
2024-09-03,0.00047242347713148783,-0.0223999999999999
2024-09-04,0.0022139051271385674,-0.002
2024-09-05,0.0021241093298848732,-0.0029
2024-09-06,0.0028214166030776375,-0.018
2024-09-09,0.0017009031498015645,0.0111
2024-09-10,0.002773542063391633,0.0042
2024-09-11,0.0012988677831348632,0.0106
2024-09-12,0.0021624741315461713,0.0082
2024-09-13,0.002730795896120115,0.0072
2024-09-16,0.0001872894970047493,0.0018
2024-09-17,0.0005729648497719301,0.001
2024-09-18,0.0016289047709850178,-0.0023
2024-09-19,0.0005210940147805731,0.0179
2024-09-20,0.0008514084568183949,-0.0024
2024-09-23,0.002074306701501208,0.0023
2024-09-25,0.00017864471613542564,-0.0026999999999999
2024-09-26,0.0002244113223157813,0.0045
2024-09-27,-0.001000961242069243,-0.0006999999999999
2024-09-30,0.0008483324199666478,0.0038
2024-10-02,0.0003853405869811186,0.0002
2024-10-03,0.0014090878912895416,-0.0021
2024-10-04,0.0007638148951818306,0.0105
2024-10-07,0.0009730372839442049,-0.0095
2024-10-08,-0.0012365373109916127,0.0089
2024-10-09,-0.0011949516413816295,0.0070999999999999
2024-10-10,0.0003608641536452502,-0.0018
2024-10-11,0.0019990031072813805,0.0077
2024-10-14,0.019435712133227284,0.0072
2024-10-15,0.0006598542570962288,-0.0069999999999999
2024-10-16,0.00028863533179579,0.0054
2024-10-17,0.0006570415872015865,-0.0003
2024-10-18,-0.0013700142304955145,0.0038
2024-10-21,-0.0022130963872749043,-0.0026999999999999
2024-10-22,-0.0013410816250275183,-0.0009
2024-10-23,-0.000924973878542102,-0.0095
2024-10-24,-0.00031435552147563117,0.0031
2024-10-25,0.0004201717580547718,-0.0006
2024-10-28,-0.0006363983477649644,0.004
2024-10-29,-0.00042469990684246593,0.0017
2024-10-30,-0.0007890928050276855,-0.003
2024-10-31,-0.0012101482674967967,-0.0178
2024-11-01,-0.002566366076625413,0.0049
2024-11-04,-0.0027345870827539085,-0.0025
2024-11-05,-0.0017279473401440276,0.0132
2024-11-06,-0.004156612778020479,0.0293
2024-11-07,-0.0017787280841114071,0.0068
2024-11-08,-0.001554613560079294,0.0045
2024-11-11,-0.0014239402869750128,0.0034
2024-11-12,-0.00013450297573844883,-0.0036
2024-11-13,0.0018766152269142132,-0.001
2024-11-14,0.0004718280344992905,-0.0069
2024-11-15,0.0015435374790252361,-0.0136
2024-11-18,0.0064425754149640396,0.0043
2024-11-19,0.0023868774965291172,0.0051
2024-11-20,0.0008070007801550453,0.0006
2024-11-21,0.002070089264587493,0.0067
2024-11-22,0.0030946367850465317,0.0055
2024-11-25,0.0018382371558841462,0.0043
2024-11-26,0.0030760505669196066,0.0044
2024-11-27,0.0018632371517418788,-0.0038
2024-11-29,0.0014020069501321014,0.0056
2024-12-02,0.0010730027776268691,0.0025
2024-12-03,0.0010057380129639246,0.0006
2024-12-04,0.002351812310017222,0.0072
2024-12-05,0.0016328501100698238,-0.0026
2024-12-06,4.1811921183428545e-05,0.0037
2024-12-09,0.0005217547886149481,-0.0070999999999999
2024-12-10,0.000824559372473273,-0.0034
2024-12-11,0.0013369040035284174,0.0089
2024-12-12,0.0018585602294590665,-0.006
2024-12-13,0.0011870060523075463,-0.0003
2024-12-16,0.003057021901783424,0.0048
2024-12-17,0.001772992140030337,-0.0046999999999999
2024-12-18,-0.0013921555010743423,-0.0315
2024-12-19,-0.0008663392835341328,-0.001
2024-12-20,-0.0010509206860990093,0.0109
2024-12-23,0.0011654047221052802,0.0063
2024-12-24,0.0003375457841999392,0.0113
2024-12-26,0.0013012661887104153,0.0003
2024-12-27,0.0011958749417245774,-0.0115
2024-12-30,-0.0011363850497884695,-0.0107
2024-12-31,-6.171215788019414e-05,-0.0044
2025-01-02,6.018717299259376e-05,-0.0014
2025-01-03,0.0002246897521928743,0.0136
2025-01-06,0.0013295411272880907,0.0057
2025-01-07,0.0014981314630906778,-0.0116
2025-01-08,-0.0006821214199326468,0.0012
2025-01-10,0.00011395493036685052,-0.0153
2025-01-13,-0.00033888596437987476,0.0013999999999999
2025-01-14,-0.001523897862186147,0.0019
2025-01-15,-0.002151245796055249,0.0192999999999999
2025-01-16,-0.0021055305324665587,-0.0017
2025-01-17,-0.0020804192935301143,0.0098
2025-01-21,-0.001653074361292697,0.0098
2025-01-22,-0.0006750993325266875,0.0056
2025-01-23,0.003364115995392997,0.005
2025-01-24,0.0036937869777759263,-0.0025
2025-01-27,0.0014283877864882657,-0.0147
2025-01-28,0.0006081875381707171,0.0094
2025-01-29,-0.0009288676362457142,-0.004
2025-01-30,-0.0020005611537836764,0.006
2025-01-31,-0.0015768567260002876,-0.0051
2025-02-03,-0.003515483148106237,-0.008
2025-02-04,-0.005170775886110653,0.0079
2025-02-05,-0.0055157919404288346,0.0041
2025-02-06,-0.006053774993499751,0.0031
2025-02-07,-0.005785001929794892,-0.0096
2025-02-10,-0.00651675089886246,0.0068
2025-02-11,-0.004434093221819628,-0.0012
2025-02-12,-0.0031069941038268023,-0.0029
2025-02-13,-0.0031724046717108356,0.0112
2025-02-14,-0.003170712137580382,0.0004
2025-02-18,-0.0027033858389601323,0.0027
2025-02-19,-0.002154996970587999,0.0011
2025-02-20,-0.0015921576647402813,-0.0059
2025-02-21,-0.001596064678128611,-0.0187999999999999
2025-02-24,-0.0015927470337196244,-0.0055
2025-02-25,-0.001395224060922974,-0.0055999999999999
2025-02-26,-0.00372992857209606,0.0004
2025-02-27,-0.0028394456042038904,-0.0163
2025-02-28,-0.0042034066584684575,0.0161
2025-03-03,-0.0018988796110074183,-0.019
2025-03-04,-0.0021588241445677997,-0.0125
2025-03-05,-0.004465174650382363,0.0118
2025-03-06,0.006154687355956873,-0.019
2025-03-07,0.0016576539516067622,0.0049
2025-03-10,-0.003340637851203845,-0.0288
2025-03-11,-0.0012365039966451097,-0.0060999999999999
2025-03-12,-0.0025315366372683067,0.0053
2025-03-13,-0.0013894224098973242,-0.0147
2025-03-14,-0.00046987911945747346,0.0223
2025-03-17,0.00012353063878679793,0.0074
2025-03-18,-0.00018096152653029266,-0.0110999999999999
2025-03-19,4.952207087855703e-05,0.0121999999999999
2025-03-20,-0.0021854404682293887,-0.0022
2025-03-21,-0.0034137185584136357,0.001
2025-03-24,-0.0023356620421667276,0.0195
2025-03-25,0.0005251408119807785,0.0013999999999999
2025-03-26,0.0013483892043603942,-0.012
2025-03-27,0.001379269154902281,-0.004
2025-03-28,0.002269697086991661,-0.0204999999999999
2025-03-31,0.0037560793073307627,0.0041
2025-04-01,0.005013967504108207,0.0042
2025-04-02,0.005154877078298049,0.0083
2025-04-03,0.002530310878113441,-0.0511
2025-04-04,0.0025393122268085847,-0.059
2025-04-07,0.0020137702406494646,-0.0021
2025-04-08,-0.0008359173574977576,-0.0165
2025-04-09,0.004140687112324282,0.0967
2025-04-10,0.0026163450645589367,-0.0352
2025-04-11,0.002447467162648419,0.0178
2025-04-14,-0.0006066006223433362,0.0081
2025-04-15,2.8397938694474994e-05,-0.0012
2025-04-16,0.0011831527304385974,-0.022
2025-04-17,0.0003674628185295779,0.0024
2025-04-21,-0.0005519225110926321,-0.0237999999999999
2025-04-22,0.0001332594199237653,0.0258
2025-04-23,0.00027600525161188146,0.0177
2025-04-24,0.0003762951834540462,0.0216
2025-04-25,-0.00061753233394709,0.0066
2025-04-28,0.00022368026464869497,0.001
2025-04-29,-0.00029732051902383997,0.006
2025-04-30,0.0006281781597894719,0.0005
2025-05-01,0.0011323100425898744,0.0060999999999999
2025-05-02,0.0011126414040243055,0.0158
2025-05-05,0.0009650559100386658,-0.0064
2025-05-06,0.0019116774213207264,-0.0079
2025-05-07,0.051575513636953514,0.0042
2025-05-08,0.004179756801014864,0.0076
2025-05-09,-0.0007095488297006196,-0.0006999999999999
2025-05-12,0.002746058242565979,0.0338
2025-05-13,0.0022164507884992204,0.0081
2025-05-14,0.0010808090791685464,0.001
2025-05-15,-6.029235968482396e-06,0.0032
2025-05-16,0.0030488904903345124,0.0076
2025-05-19,-9.968238141466282e-06,0.0003
2025-05-20,-0.0009909321998040385,-0.0034999999999999
2025-05-21,-0.0012519341095199943,-0.0171
2025-05-22,-0.000767493003602051,0.0001
2025-05-23,-0.001451897568323102,-0.0065
2025-05-27,-0.0007832608295503083,0.0209
2025-05-28,0.0015658465977516,-0.006
2025-05-29,-0.0006270324059526877,0.0035
2025-05-30,-0.00420201239908755,0.0
2025-06-02,-0.0018148285705925098,0.004
2025-06-03,-0.0010778975192747395,0.0068
2025-06-04,-0.0018475334327714445,0.0
2025-06-05,-0.002889366460627441,-0.0049
2025-06-06,-0.0023036101059852507,0.0109
2025-06-09,-0.007162253260004688,0.0013
2025-06-10,-0.004133332620860275,0.0052
2025-06-11,-0.004893916499282566,-0.003
2025-06-12,-0.0012307016738693822,0.0032
2025-06-13,7.70131676207483e-05,-0.0113
2025-06-16,-0.004423449222199508,0.0098999999999999
2025-06-17,-0.002832329169554817,-0.0086
2025-06-18,0.003061268378883179,0.0005
2025-06-20,0.002722059424063424,-0.002
2025-06-23,0.004243710187496427,0.0095
2025-06-24,0.003840232069087796,0.0118999999999999
2025-06-25,0.00340674183072654,-0.0005
2025-06-26,0.0033455202754882696,0.009
2025-06-27,0.0027928445530614387,0.0048
2025-06-30,0.001539222536198073,0.0051
2025-07-01,-0.00024200044260008904,-0.0008
2025-07-02,0.021385867273549884,0.0058
2025-07-03,0.003946584547252988,0.009
2025-07-07,0.0019079306880273167,-0.0081999999999999
2025-07-08,-0.00022516173279745567,-0.0006
2025-07-09,-0.0014163079225996823,0.0065
2025-07-10,-0.0036758033090205375,0.0026
2025-07-11,-0.0029610631468211697,-0.0042
2025-07-14,-0.002156017453474984,0.0023
2025-07-15,-0.0021307778725154747,-0.005
2025-07-16,0.0010752760794644786,0.004
2025-07-17,0.0020200324686689614,0.0060999999999999
2025-07-18,0.002763864814341061,0.0
2025-07-21,0.0008951575869163891,0.0007
2025-07-22,-0.0030701740513647308,0.001
2025-07-23,-0.018555559672156798,0.0079
2025-07-24,-0.0012872450751006685,-0.0001
2025-07-25,-0.001927687817658399,0.0042
2025-07-28,-0.0016246530781405364,0.0006
2025-07-29,-0.0004168876538066015,-0.0034999999999999
2025-07-30,-0.0015040441182993856,-0.0009
2025-07-31,0.005117655885373319,-0.0032
2025-08-01,-0.0032439730343439537,-0.0172
2025-08-04,-0.0026589911708405642,0.0155
2025-08-05,-0.006359935425197448,-0.004
2025-08-06,-0.002140127243473941,0.0073
2025-08-07,-0.00283608308010547,-0.0012
2025-08-08,-0.0037417767940853674,0.0070999999999999
2025-08-11,-0.0017939073055063598,-0.0022
2025-08-12,-0.0073293265132822714,0.0127
2025-08-13,-0.0036992519440971375,0.0041
2025-08-14,0.0009302862716232779,-0.0006999999999999
2025-08-15,-0.00588170155790688,-0.0026
2025-08-18,-0.00047119428352061093,0.0005
2025-08-19,-0.0015031917835764254,-0.0069
2025-08-20,-0.0024385333703780387,-0.0026
2025-08-21,-0.001367486387201229,-0.0036
2025-08-22,-0.00015993418756580054,0.0172
2025-08-25,-0.001085306937747094,-0.0046
2025-08-26,-0.0006830301749194585,0.0045
2025-08-27,-0.0005149341918424988,0.0026
2025-08-28,-0.0007955050991262153,0.0037
2025-08-29,-0.0026879304119630932,-0.0066
2025-09-02,0.0005499431957526204,-0.0059
2025-09-03,-0.0015856340057714283,0.0046
2025-09-04,-0.0018515403008348428,0.0089
2025-09-05,-0.0012636280085161619,-0.002
2025-09-08,-0.0011136196588692375,0.0028
2025-09-09,-0.0009640493636631181,0.0023
2025-09-10,-0.0038020768513040547,0.0038
2025-09-11,-0.003723526412516722,0.0088
2025-09-12,-0.003842824536542671,-0.0014
2025-09-15,-0.010497700052789959,0.0053
2025-09-16,-0.004273334533154425,-0.0006999999999999
2025-09-17,-0.009411540007453817,-0.0008
2025-09-18,-0.012726807331248046,0.0062
2025-09-19,-0.0031519518909553096,0.004
2025-09-22,-0.0028379147975218597,0.0045
2025-09-23,-0.0006087628587076487,-0.0059
2025-09-24,-0.0029685929089708508,-0.0032
2025-09-25,-0.0018057787862279355,-0.0055999999999999
2025-09-26,-0.002985829857581635,0.0062
2025-09-29,-0.001230794572138799,0.0027
2025-09-30,-0.0018561561793413181,0.0031
